"County_Name","Inhabitants"
"Abbeville, South Carolina, US",24527
"Acadia, Louisiana, US",62045
"Accomack, Virginia, US",32316
"Ada, Idaho, US",481587
"Adair, Iowa, US",7152
"Adair, Kentucky, US",19202
"Adair, Missouri, US",25343
"Adair, Oklahoma, US",22194
"Adams, Colorado, US",517421
"Adams, Idaho, US",4294
"Adams, Illinois, US",65435
"Adams, Indiana, US",35777
"Adams, Iowa, US",3602
"Adams, Mississippi, US",30693
"Adams, Nebraska, US",31363
"Adams, North Dakota, US",2216
"Adams, Ohio, US",27698
"Adams, Pennsylvania, US",103009
"Adams, Washington, US",19983
"Adams, Wisconsin, US",20220
"Addison, Vermont, US",36777
"Aiken, South Carolina, US",170872
"Aitkin, Minnesota, US",15886
"Alachua, Florida, US",269043
"Alamance, North Carolina, US",169509
"Alameda, California, US",1671329
"Alamosa, Colorado, US",16233
"Albany, New York, US",305506
"Albany, Wyoming, US",38880
"Albemarle, Virginia, US",109330
"Alcona, Michigan, US",10405
"Alcorn, Mississippi, US",36953
"Aleutians East Borough, Alaska, US",3337
"Aleutians West Census Area, Alaska, US",5634
"Alexander, Illinois, US",5761
"Alexander, North Carolina, US",37497
"Alexandria, Virginia, US",159428
"Alfalfa, Oklahoma, US",5702
"Alger, Michigan, US",9108
"Allamakee, Iowa, US",13687
"Allegan, Michigan, US",118081
"Allegany, Maryland, US",70416
"Allegany, New York, US",46091
"Alleghany, North Carolina, US",11137
"Alleghany, Virginia, US",14860
"Allegheny, Pennsylvania, US",1216045
"Allen, Indiana, US",379299
"Allen, Kansas, US",12369
"Allen, Kentucky, US",21315
"Allen, Ohio, US",102351
"Allen, Louisiana, US",25627
"Allendale, South Carolina, US",8688
"Alpena, Michigan, US",28405
"Alpine, California, US",1129
"Amador, California, US",39752
"Amelia, Virginia, US",13145
"Amherst, Virginia, US",31605
"Amite, Mississippi, US",12297
"Anchorage,Alaska, US",288000
"Anderson, Kansas, US",7858
"Anderson, Kentucky, US",22747
"Anderson, South Carolina, US",202558
"Anderson, Tennessee, US",76978
"Anderson, Texas, US",57735
"Andrew, Missouri, US",17712
"Andrews, Texas, US",18705
"Androscoggin, Maine, US",108277
"Angelina, Texas, US",86715
"Anne Arundel, Maryland, US",579234
"Anoka, Minnesota, US",356921
"Anson, North Carolina, US",24446
"Antelope, Nebraska, US",6298
"Antrim, Michigan, US",23324
"Apache, Arizona, US",71887
"Appanoose, Iowa, US",12426
"Appling, Georgia, US",18386
"Appomattox, Virginia, US",15911
"Aransas, Texas, US",23510
"Arapahoe, Colorado, US",656590
"Archer, Texas, US",8553
"Archuleta, Colorado, US",14029
"Arenac, Michigan, US",14883
"Arkansas, Arkansas, US",17486
"Arlington, Virginia, US",236842
"Armstrong, Pennsylvania, US",64735
"Armstrong, Texas, US",1887
"Aroostook, Maine, US",67055
"Arthur, Nebraska, US",463
"Ascension, Louisiana, US",126604
"Ashe, North Carolina, US",27203
"Ashland, Ohio, US",53484
"Ashland, Wisconsin, US",15562
"Ashley, Arkansas, US",19657
"Ashtabula, Ohio, US",97241
"Asotin, Washington, US",22582
"Assumption, Louisiana, US",21891
"Atascosa, Texas, US",51153
"Atchison, Kansas, US",16073
"Atchison, Missouri, US",5143
"Athens, Ohio, US",65327
"Atkinson, Georgia, US",8165
"Atlantic, New Jersey, US",263670
"Atoka, Oklahoma, US",13758
"Attala, Mississippi, US",18174
"Audrain, Missouri, US",25388
"Audubon, Iowa, US",5496
"Auglaize, Ohio, US",45656
"Augusta, Virginia, US",75558
"Aurora, South Dakota, US",2751
"Austin, Texas, US",30032
"Autauga, Alabama, US",55869
"Avery, North Carolina, US",17557
"Avoyelles, Louisiana, US",40144
"Baca, Colorado, US",3581
"Bacon, Georgia, US",11164
"Bailey, Texas, US",7000
"Baker, Florida, US",29210
"Baker, Georgia, US",3038
"Baker, Oregon, US",16124
"Baldwin, Alabama, US",223234
"Baldwin, Georgia, US",44890
"Ballard, Kentucky, US",7888
"Baltimore City, Maryland, US",593490
"Baltimore, Maryland, US",827370
"Bamberg, South Carolina, US",14066
"Bandera, Texas, US",23112
"Banks, Georgia, US",19234
"Banner, Nebraska, US",745
"Bannock, Idaho, US",87808
"Baraga, Michigan, US",8209
"Barber, Kansas, US",4427
"Barbour, Alabama, US",24686
"Barbour, West Virginia, US",16441
"Barnes, North Dakota, US",10415
"Barnstable, Massachusetts, US",212990
"Barnwell, South Carolina, US",20866
"Barren, Kentucky, US",44249
"Barron, Wisconsin, US",45244
"Barrow, Georgia, US",83240
"Barry, Michigan, US",61550
"Barry, Missouri, US",35789
"Bartholomew, Indiana, US",83779
"Barton, Kansas, US",25779
"Barton, Missouri, US",11754
"Bartow, Georgia, US",107738
"Bastrop, Texas, US",88723
"Bates, Missouri, US",16172
"Bath, Kentucky, US",12500
"Bath, Virginia, US",4147
"Baxter, Arkansas, US",41932
"Bay, Florida, US",174705
"Bay, Michigan, US",103126
"Bayfield, Wisconsin, US",15036
"Baylor, Texas, US",3509
"Beadle, South Dakota, US",18453
"Bear Lake, Idaho, US",6125
"Beaufort, North Carolina, US",46994
"Beaufort, South Carolina, US",192122
"Beauregard, Louisiana, US",37497
"Beaver, Oklahoma, US",5311
"Beaver, Pennsylvania, US",163929
"Beaver, Utah, US",6710
"Beaverhead, Montana, US",9453
"Becker, Minnesota, US",34423
"Beckham, Oklahoma, US",21859
"Bedford, Pennsylvania, US",47888
"Bedford, Tennessee, US",49713
"Bedford, Virginia, US",78997
"Bee, Texas, US",32565
"Belknap, New Hampshire, US",61303
"Bell, Kentucky, US",26032
"Bell, Texas, US",362924
"Belmont, Ohio, US",67006
"Beltrami, Minnesota, US",47188
"Ben Hill, Georgia, US",16700
"Benewah, Idaho, US",9298
"Bennett, South Dakota, US",3365
"Bennington, Vermont, US",35470
"Benson, North Dakota, US",6832
"Bent, Colorado, US",5577
"Benton, Arkansas, US",279141
"Benton, Indiana, US",8748
"Benton, Iowa, US",25645
"Benton, Minnesota, US",40889
"Benton, Mississippi, US",8259
"Benton, Missouri, US",19443
"Benton, Oregon, US",93053
"Benton, Tennessee, US",16160
"Benton, Washington, US",204390
"Benzie, Michigan, US",17766
"Bergen, New Jersey, US",932202
"Berkeley, South Carolina, US",227907
"Berkeley, West Virginia, US",119171
"Berks, Pennsylvania, US",421164
"Berkshire, Massachusetts, US",124944
"Bernalillo, New Mexico, US",679121
"Berrien, Georgia, US",19397
"Berrien, Michigan, US",153401
"Bertie, North Carolina, US",18947
"Bethel Census Area, Alaska, US",18386
"Bexar, Texas, US",2003554
"Bibb, Alabama, US",22394
"Bibb, Georgia, US",153159
"Bienville, Louisiana, US",13241
"Big Horn, Montana, US",13319
"Big Horn, Wyoming, US",11790
"Big Stone, Minnesota, US",4991
"Billings, North Dakota, US",928
"Bingham, Idaho, US",46811
"Black Hawk, Iowa, US",131228
"Blackford, Indiana, US",11758
"Bladen, North Carolina, US",32722
"Blaine, Idaho, US",23021
"Blaine, Montana, US",6681
"Blaine, Nebraska, US",465
"Blaine, Oklahoma, US",9429
"Blair, Pennsylvania, US",121829
"Blanco, Texas, US",11931
"Bland, Virginia, US",6280
"Bleckley, Georgia, US",12873
"Bledsoe, Tennessee, US",15064
"Blount, Alabama, US",57826
"Blount, Tennessee, US",133088
"Blue Earth, Minnesota, US",67653
"Boise, Idaho, US",7831
"Bolivar, Mississippi, US",30628
"Bollinger, Missouri, US",12133
"Bon Homme, South Dakota, US",6901
"Bond, Illinois, US",16426
"Bonner, Idaho, US",45739
"Bonneville, Idaho, US",119062
"Boone, Arkansas, US",37432
"Boone, Illinois, US",53544
"Boone, Indiana, US",67843
"Boone, Iowa, US",26234
"Boone, Kentucky, US",133581
"Boone, Missouri, US",180463
"Boone, Nebraska, US",5192
"Boone, West Virginia, US",21457
"Borden, Texas, US",654
"Bosque, Texas, US",18685
"Bossier, Louisiana, US",127039
"Botetourt, Virginia, US",33419
"Boulder, Colorado, US",326196
"Boundary, Idaho, US",12245
"Bourbon, Kansas, US",14534
"Bourbon, Kentucky, US",19788
"Bowie, Texas, US",93245
"Bowman, North Dakota, US",3024
"Box Butte, Nebraska, US",10783
"Box Elder, Utah, US",56046
"Boyd, Kentucky, US",46718
"Boyd, Nebraska, US",1919
"Boyle, Kentucky, US",30060
"Bracken, Kentucky, US",8303
"Bradford, Florida, US",28201
"Bradford, Pennsylvania, US",60323
"Bradley, Arkansas, US",10763
"Bradley, Tennessee, US",108110
"Branch, Michigan, US",43517
"Brantley, Georgia, US",19109
"Braxton, West Virginia, US",13957
"Brazoria, Texas, US",374264
"Brazos, Texas, US",229211
"Breathitt, Kentucky, US",12630
"Breckinridge, Kentucky, US",20477
"Bremer, Iowa, US",25062
"Brevard, Florida, US",601942
"Brewster, Texas, US",9203
"Briscoe, Texas, US",1546
"Bristol Bay Borough, Alaska, US",836
"Bristol, Virginia, US",16762
"Bristol, Massachusetts, US",565217
"Bristol, Rhode Island, US",48479
"Broadwater, Montana, US",6237
"Bronx, New York, US",1418207
"Brooke, West Virginia, US",21939
"Brookings, South Dakota, US",35077
"Brooks, Georgia, US",15457
"Brooks, Texas, US",7093
"Broome, New York, US",190488
"Broomfield, Colorado, US",70465
"Broward, Florida, US",1952778
"Brown, Illinois, US",6578
"Brown, Indiana, US",15092
"Brown, Kansas, US",9564
"Brown, Minnesota, US",25008
"Brown, Nebraska, US",2955
"Brown, Ohio, US",43432
"Brown, South Dakota, US",38839
"Brown, Texas, US",37864
"Brown, Wisconsin, US",264542
"Brule, South Dakota, US",5297
"Brunswick, North Carolina, US",142820
"Brunswick, Virginia, US",16231
"Bryan, Georgia, US",39627
"Bryan, Oklahoma, US",47995
"Buchanan, Iowa, US",21175
"Buchanan, Missouri, US",87364
"Buchanan, Virginia, US",21004
"Buckingham, Virginia, US",17148
"Bucks, Pennsylvania, US",628270
"Buena Vista City, Virginia, US",6478
"Buena Vista, Iowa, US",19620
"Buffalo, Nebraska, US",49659
"Buffalo, South Dakota, US",1962
"Buffalo, Wisconsin, US",13031
"Bullitt, Kentucky, US",81676
"Bulloch, Georgia, US",79608
"Bullock, Alabama, US",10101
"Buncombe, North Carolina, US",261191
"Bureau, Illinois, US",32628
"Burke, Georgia, US",22383
"Burke, North Carolina, US",90485
"Burke, North Dakota, US",2115
"Burleigh, North Dakota, US",95626
"Burleson, Texas, US",18443
"Burlington, New Jersey, US",445349
"Burnet, Texas, US",48155
"Burnett, Wisconsin, US",15414
"Burt, Nebraska, US",6459
"Butler, Alabama, US",19448
"Butler, Iowa, US",14439
"Butler, Kansas, US",66911
"Butler, Kentucky, US",12879
"Butler, Missouri, US",42478
"Butler, Nebraska, US",8016
"Butler, Ohio, US",383134
"Butler, Pennsylvania, US",187853
"Butte, California, US",219186
"Butte, Idaho, US",2597
"Butte, South Dakota, US",10429
"Butts, Georgia, US",24936
"Cabarrus, North Carolina, US",216453
"Cabell, West Virginia, US",91945
"Cache, Utah, US",128289
"Caddo, Oklahoma, US",28762
"Caddo, Louisiana, US",240204
"Calaveras, California, US",45905
"Calcasieu, Louisiana, US",203436
"Caldwell, Kentucky, US",12747
"Caldwell, Missouri, US",9020
"Caldwell, North Carolina, US",82178
"Caldwell, Texas, US",43664
"Caldwell, Louisiana, US",9918
"Caledonia, Vermont, US",29993
"Calhoun, Alabama, US",113605
"Calhoun, Arkansas, US",5189
"Calhoun, Florida, US",14105
"Calhoun, Georgia, US",6189
"Calhoun, Illinois, US",4739
"Calhoun, Iowa, US",9668
"Calhoun, Michigan, US",134159
"Calhoun, Mississippi, US",14361
"Calhoun, South Carolina, US",14553
"Calhoun, Texas, US",21290
"Calhoun, West Virginia, US",7109
"Callahan, Texas, US",13943
"Callaway, Missouri, US",44743
"Calloway, Kentucky, US",39001
"Calumet, Wisconsin, US",50089
"Calvert, Maryland, US",92525
"Camas, Idaho, US",1106
"Cambria, Pennsylvania, US",130192
"Camden, Georgia, US",54666
"Camden, Missouri, US",46305
"Camden, New Jersey, US",506471
"Camden, North Carolina, US",10867
"Cameron, Pennsylvania, US",4447
"Cameron, Texas, US",423163
"Cameron, Louisiana, US",6973
"Camp, Texas, US",13094
"Campbell, Kentucky, US",93584
"Campbell, South Dakota, US",1376
"Campbell, Tennessee, US",39842
"Campbell, Virginia, US",54885
"Campbell, Wyoming, US",46341
"Canadian, Oklahoma, US",148306
"Candler, Georgia, US",10803
"Cannon, Tennessee, US",14678
"Canyon, Idaho, US",229849
"Cape Girardeau, Missouri, US",78871
"Cape May, New Jersey, US",92039
"Carbon, Montana, US",10725
"Carbon, Pennsylvania, US",64182
"Carbon, Utah, US",20463
"Carbon, Wyoming, US",14800
"Caribou, Idaho, US",7155
"Carlisle, Kentucky, US",4760
"Carlton, Minnesota, US",35871
"Caroline, Maryland, US",33406
"Caroline, Virginia, US",30725
"Carroll, Arkansas, US",28380
"Carroll, Georgia, US",119992
"Carroll, Illinois, US",14305
"Carroll, Indiana, US",20257
"Carroll, Iowa, US",20165
"Carroll, Kentucky, US",10631
"Carroll, Maryland, US",168447
"Carroll, Mississippi, US",9947
"Carroll, Missouri, US",8679
"Carroll, New Hampshire, US",48910
"Carroll, Ohio, US",26914
"Carroll, Tennessee, US",27767
"Carroll, Virginia, US",29791
"Carson City, Nevada, US",55916
"Carson, Texas, US",5926
"Carter, Kentucky, US",26797
"Carter, Missouri, US",5982
"Carter, Montana, US",1252
"Carter, Oklahoma, US",48111
"Carter, Tennessee, US",56391
"Carteret, North Carolina, US",69473
"Carver, Minnesota, US",105089
"Cascade, Montana, US",81366
"Casey, Kentucky, US",16159
"Cass, Illinois, US",12147
"Cass, Indiana, US",37689
"Cass, Iowa, US",12836
"Cass, Michigan, US",51787
"Cass, Minnesota, US",29779
"Cass, Missouri, US",105780
"Cass, Nebraska, US",26248
"Cass, North Dakota, US",181923
"Cass, Texas, US",30026
"Cassia, Idaho, US",24030
"Castro, Texas, US",7530
"Caswell, North Carolina, US",22604
"Catahoula, Louisiana, US",9494
"Catawba, North Carolina, US",159551
"Catoosa, Georgia, US",67580
"Catron, New Mexico, US",3527
"Cattaraugus, New York, US",76117
"Cavalier, North Dakota, US",3762
"Cayuga, New York, US",76576
"Cecil, Maryland, US",102855
"Cedar, Iowa, US",18627
"Cedar, Missouri, US",14349
"Cedar, Nebraska, US",8402
"Centre, Pennsylvania, US",162385
"Cerro Gordo, Iowa, US",42450
"Chaffee, Colorado, US",20356
"Chambers, Alabama, US",33254
"Chambers, Texas, US",43837
"Champaign, Illinois, US",209689
"Champaign, Ohio, US",38885
"Chariton, Missouri, US",7426
"Charles City, Virginia, US",6963
"Charles, Maryland, US",163257
"Charles Mix, South Dakota, US",9292
"Charleston, South Carolina, US",411406
"Charlevoix, Michigan, US",26143
"Charlotte, Florida, US",188910
"Charlotte, Virginia, US",11880
"Charlottesville, Virginia, US",47266
"Charlton, Georgia, US",13392
"Chase, Kansas, US",2648
"Chase, Nebraska, US",3924
"Chatham, Georgia, US",289430
"Chatham, North Carolina, US",74470
"Chattahoochee, Georgia, US",10907
"Chattooga, Georgia, US",24789
"Chautauqua, Kansas, US",3250
"Chautauqua, New York, US",126903
"Chaves, New Mexico, US",64615
"Cheatham, Tennessee, US",40667
"Cheboygan, Michigan, US",25276
"Chelan, Washington, US",77200
"Chemung, New York, US",83456
"Chenango, New York, US",47207
"Cherokee, Alabama, US",26196
"Cherokee, Georgia, US",258773
"Cherokee, Iowa, US",11235
"Cherokee, Kansas, US",19939
"Cherokee, North Carolina, US",28612
"Cherokee, Oklahoma, US",48657
"Cherokee, South Carolina, US",57300
"Cherokee, Texas, US",52646
"Cherry, Nebraska, US",5689
"Chesapeake, Virginia, US",244835
"Cheshire, New Hampshire, US",76085
"Chester, Pennsylvania, US",524989
"Chester, South Carolina, US",32244
"Chester, Tennessee, US",17297
"Chesterfield, South Carolina, US",45650
"Chesterfield, Virginia, US",352802
"Cheyenne, Colorado, US",1831
"Cheyenne, Kansas, US",2657
"Cheyenne, Nebraska, US",8910
"Chickasaw, Iowa, US",11933
"Chickasaw, Mississippi, US",17103
"Chicot, Arkansas, US",10118
"Childress, Texas, US",7306
"Chilton, Alabama, US",44428
"Chippewa, Michigan, US",37349
"Chippewa, Minnesota, US",11800
"Chippewa, Wisconsin, US",64658
"Chisago, Minnesota, US",56579
"Chittenden, Vermont, US",163774
"Choctaw, Alabama, US",12589
"Choctaw, Mississippi, US",8210
"Choctaw, Oklahoma, US",14672
"Chouteau, Montana, US",5635
"Chowan, North Carolina, US",13943
"Christian, Illinois, US",32304
"Christian, Kentucky, US",70461
"Christian, Missouri, US",88595
"Churchill, Nevada, US",24909
"Cibola, New Mexico, US",26675
"Cimarron, Oklahoma, US",2137
"Citrus, Florida, US",149657
"Clackamas, Oregon, US",418187
"Claiborne, Mississippi, US",8988
"Claiborne, Tennessee, US",31959
"Claiborne, Louisiana, US",15670
"Clallam, Washington, US",77331
"Clare, Michigan, US",30950
"Clarendon, South Carolina, US",33745
"Clarion, Pennsylvania, US",38438
"Clark, Arkansas, US",22320
"Clark, Idaho, US",845
"Clark, Illinois, US",15441
"Clark, Indiana, US",118302
"Clark, Kansas, US",1994
"Clark, Kentucky, US",36263
"Clark, Missouri, US",6797
"Clark, Nevada, US",2266715
"Clark, Ohio, US",134083
"Clark, South Dakota, US",3736
"Clark, Washington, US",488241
"Clark, Wisconsin, US",34774
"Clarke, Alabama, US",23622
"Clarke, Georgia, US",128331
"Clarke, Iowa, US",9395
"Clarke, Mississippi, US",15541
"Clarke, Virginia, US",14619
"Clatsop, Oregon, US",40224
"Clay, Alabama, US",13235
"Clay, Arkansas, US",14551
"Clay, Florida, US",219252
"Clay, Georgia, US",2834
"Clay, Illinois, US",13184
"Clay, Indiana, US",26225
"Clay, Iowa, US",16016
"Clay, Kansas, US",8002
"Clay, Kentucky, US",19901
"Clay, Minnesota, US",64222
"Clay, Mississippi, US",19316
"Clay, Missouri, US",249948
"Clay, Nebraska, US",6203
"Clay, North Carolina, US",11231
"Clay, South Dakota, US",14070
"Clay, Tennessee, US",7615
"Clay, Texas, US",10471
"Clay, West Virginia, US",8508
"Clayton, Georgia, US",292256
"Clayton, Iowa, US",17549
"Clear Creek, Colorado, US",9700
"Clearfield, Pennsylvania, US",79255
"Clearwater, Idaho, US",8756
"Clearwater, Minnesota, US",8818
"Cleburne, Alabama, US",14910
"Cleburne, Arkansas, US",24919
"Clermont, Ohio, US",206428
"Cleveland, Arkansas, US",7956
"Cleveland, North Carolina, US",97947
"Cleveland, Oklahoma, US",284014
"Clinch, Georgia, US",6618
"Clinton, Illinois, US",37562
"Clinton, Indiana, US",32399
"Clinton, Iowa, US",46429
"Clinton, Kentucky, US",10218
"Clinton, Michigan, US",79595
"Clinton, Missouri, US",20387
"Clinton, New York, US",80485
"Clinton, Ohio, US",41968
"Clinton, Pennsylvania, US",38632
"Cloud, Kansas, US",8786
"Coahoma, Mississippi, US",22124
"Coal, Oklahoma, US",5495
"Cobb, Georgia, US",760141
"Cochise, Arizona, US",125922
"Cochran, Texas, US",2853
"Cocke, Tennessee, US",36004
"Coconino, Arizona, US",143476
"Codington, South Dakota, US",28009
"Coffee, Alabama, US",52342
"Coffee, Georgia, US",43273
"Coffee, Tennessee, US",56520
"Coffey, Kansas, US",8179
"Coke, Texas, US",3387
"Colbert, Alabama, US",55241
"Cole, Missouri, US",76745
"Coleman, Texas, US",8175
"Coles, Illinois, US",50621
"Colfax, Nebraska, US",10709
"Colfax, New Mexico, US",11941
"Colleton, South Carolina, US",37677
"Collier, Florida, US",384902
"Collin, Texas, US",1034730
"Collingsworth, Texas, US",2920
"Colonial Heights City, Virginia, US",17370
"Colorado, Texas, US",21493
"Colquitt, Georgia, US",45600
"Columbia, Arkansas, US",23457
"Columbia, Florida, US",71686
"Columbia, Georgia, US",156714
"Columbia, New York, US",59461
"Columbia, Oregon, US",52354
"Columbia, Pennsylvania, US",64964
"Columbia, Washington, US",3985
"Columbia, Wisconsin, US",57532
"Columbiana, Ohio, US",101883
"Columbus, North Carolina, US",55508
"Colusa, California, US",21547
"Comal, Texas, US",156209
"Comanche, Kansas, US",1700
"Comanche, Oklahoma, US",120749
"Comanche, Texas, US",13635
"Concho, Texas, US",2726
"Concordia, Louisiana, US",19259
"Conecuh, Alabama, US",12067
"Conejos, Colorado, US",8205
"Contra Costa, California, US",1153526
"Converse, Wyoming, US",13822
"Conway, Arkansas, US",20846
"Cook, Georgia, US",17270
"Cook, Illinois, US",5150233
"Cook, Minnesota, US",5463
"Cooke, Texas, US",41257
"Cooper, Missouri, US",17709
"Coos, New Hampshire, US",31563
"Coos, Oregon, US",64487
"Coosa, Alabama, US",10663
"Copiah, Mississippi, US",28065
"Corson, South Dakota, US",4086
"Cortland, New York, US",47581
"Coryell, Texas, US",75951
"Coshocton, Ohio, US",36600
"Costilla, Colorado, US",3887
"Cottle, Texas, US",1398
"Cotton, Oklahoma, US",5666
"Cottonwood, Minnesota, US",11196
"Covington City, Virginia, US",5538
"Covington, Alabama, US",37049
"Covington, Mississippi, US",18636
"Coweta, Georgia, US",148509
"Cowley, Kansas, US",34908
"Cowlitz, Washington, US",110593
"Craig, Oklahoma, US",14142
"Craig, Virginia, US",5131
"Craighead, Arkansas, US",110332
"Crane, Texas, US",4797
"Craven, North Carolina, US",102139
"Crawford, Arkansas, US",63257
"Crawford, Georgia, US",12404
"Crawford, Illinois, US",18667
"Crawford, Indiana, US",10577
"Crawford, Iowa, US",16820
"Crawford, Kansas, US",38818
"Crawford, Michigan, US",14029
"Crawford, Missouri, US",23920
"Crawford, Ohio, US",41494
"Crawford, Pennsylvania, US",84629
"Crawford, Wisconsin, US",16131
"Creek, Oklahoma, US",71522
"Crenshaw, Alabama, US",13772
"Crisp, Georgia, US",22372
"Crittenden, Arkansas, US",47955
"Crittenden, Kentucky, US",8806
"Crockett, Tennessee, US",14230
"Crockett, Texas, US",3464
"Crook, Oregon, US",24404
"Crook, Wyoming, US",7584
"Crosby, Texas, US",5737
"Cross, Arkansas, US",16419
"Crow Wing, Minnesota, US",65055
"Crowley, Colorado, US",6061
"Culberson, Texas, US",2171
"Cullman, Alabama, US",83768
"Culpeper, Virginia, US",52605
"Cumberland, Illinois, US",10766
"Cumberland, Kentucky, US",6614
"Cumberland, Maine, US",295003
"Cumberland, New Jersey, US",149527
"Cumberland, North Carolina, US",335509
"Cumberland, Pennsylvania, US",253370
"Cumberland, Tennessee, US",60520
"Cumberland, Virginia, US",9932
"Cuming, Nebraska, US",8846
"Currituck, North Carolina, US",27763
"Curry, New Mexico, US",48954
"Curry, Oregon, US",22925
"Custer, Colorado, US",5068
"Custer, Idaho, US",4315
"Custer, Montana, US",11402
"Custer, Nebraska, US",10777
"Custer, Oklahoma, US",29003
"Custer, South Dakota, US",8972
"Cuyahoga, Ohio, US",1235072
"Dade, Georgia, US",16116
"Dade, Missouri, US",7561
"Daggett, Utah, US",950
"Dakota, Minnesota, US",429021
"Dakota, Nebraska, US",20026
"Dale, Alabama, US",49172
"Dallam, Texas, US",7287
"Dallas, Alabama, US",37196
"Dallas, Arkansas, US",7009
"Dallas, Iowa, US",93453
"Dallas, Missouri, US",16878
"Dallas, Texas, US",2635516
"Dane, Wisconsin, US",546695
"Daniels, Montana, US",1690
"Danville, Virginia, US",40044
"Dare, North Carolina, US",37009
"Darke, Ohio, US",51113
"Darlington, South Carolina, US",66618
"Dauphin, Pennsylvania, US",278299
"Davidson, North Carolina, US",167609
"Davidson, Tennessee, US",694144
"Davie, North Carolina, US",42846
"Daviess, Indiana, US",33351
"Daviess, Kentucky, US",101511
"Daviess, Missouri, US",8278
"Davis, Iowa, US",9000
"Davis, Utah, US",355481
"Davison, South Dakota, US",19775
"Dawes, Nebraska, US",8589
"Dawson, Georgia, US",26108
"Dawson, Montana, US",8613
"Dawson, Nebraska, US",23595
"Dawson, Texas, US",12728
"Day, South Dakota, US",5424
"De Baca, New Mexico, US",1748
"De Soto, Louisiana, US",27463
"De Witt, Illinois, US",15638
"Deaf Smith, Texas, US",18546
"Dearborn, Indiana, US",49458
"Decatur, Georgia, US",26404
"Decatur, Indiana, US",26559
"Decatur, Iowa, US",7870
"Decatur, Kansas, US",2827
"Decatur, Tennessee, US",11663
"Deer Lodge, Montana, US",9140
"Defiance, Ohio, US",38087
"DeKalb, Alabama, US",71513
"DeKalb, Georgia, US",759297
"DeKalb, Illinois, US",104897
"DeKalb, Indiana, US",43475
"DeKalb, Missouri, US",12547
"DeKalb,Tennessee,US",20490
"Del Norte, California, US",27812
"Delaware, Indiana, US",114135
"Delaware, Iowa, US",17011
"Delaware, New York, US",44135
"Delaware, Ohio, US",209177
"Delaware, Oklahoma, US",43009
"Delaware, Pennsylvania, US",566747
"Delta, Colorado, US",31162
"Delta, Michigan, US",35784
"Delta, Texas, US",5331
"Denali Borough, Alaska, US",2097
"Dent, Missouri, US",15573
"Denton, Texas, US",887207
"Denver, Colorado, US",727211
"Des Moines, Iowa, US",38967
"Deschutes, Oregon, US",197692
"Desha, Arkansas, US",11361
"DeSoto,Florida, US",38001
"DeSoto, Mississippi, US",184945
"Deuel, Nebraska, US",1794
"Deuel, South Dakota, US",4351
"Dewey, Oklahoma, US",4891
"Dewey, South Dakota, US",5892
"DeWitt, Texas, US",20160
"Dickens, Texas, US",2211
"Dickenson, Virginia, US",14318
"Dickey, North Dakota, US",4872
"Dickinson, Iowa, US",17258
"Dickinson, Kansas, US",18466
"Dickinson, Michigan, US",25239
"Dickson, Tennessee, US",53948
"Dillingham Census Area, Alaska, US",4916
"Dillon, South Carolina, US",30479
"Dimmit, Texas, US",10124
"Dinwiddie, Virginia, US",28544
"District of Columbia,District of Columbia,US",705749
"Divide, North Dakota, US",2264
"Dixie, Florida, US",16826
"Dixon, Nebraska, US",5636
"Doddridge, West Virginia, US",8448
"Dodge, Georgia, US",20605
"Dodge, Minnesota, US",20934
"Dodge, Nebraska, US",36565
"Dodge, Wisconsin, US",87839
"Dolores, Colorado, US",2055
"Doña Ana, New Mexico, US",218195
"Doniphan, Kansas, US",7600
"Donley, Texas, US",3278
"Dooly, Georgia, US",13390
"Door, Wisconsin, US",27668
"Dorchester, Maryland, US",31929
"Dorchester, South Carolina, US",162809
"Dougherty, Georgia, US",87956
"Douglas, Colorado, US",351154
"Douglas, Georgia, US",146343
"Douglas, Illinois, US",19465
"Douglas, Kansas, US",122259
"Douglas, Minnesota, US",38141
"Douglas, Missouri, US",13185
"Douglas, Nebraska, US",571327
"Douglas, Nevada, US",48905
"Douglas, Oregon, US",110980
"Douglas, South Dakota, US",2921
"Douglas, Washington, US",43429
"Douglas, Wisconsin, US",43150
"Drew, Arkansas, US",18219
"Dubois, Indiana, US",42736
"Dubuque, Iowa, US",97311
"Duchesne, Utah, US",19938
"Dukes, Massachusetts, US",17332
"Dundy, Nebraska, US",1693
"Dunklin, Missouri, US",29131
"Dunn, North Dakota, US",4424
"Dunn, Wisconsin, US",45368
"DuPage, Illinois, US",922921
"Duplin, North Carolina, US",58741
"Durham, North Carolina, US",321488
"Dutchess, New York, US",294218
"Duval, Florida, US",957755
"Duval, Texas, US",11157
"Dyer, Tennessee, US",37159
"Eagle, Colorado, US",55127
"Early, Georgia, US",10190
"East Baton Rouge, Louisiana, US",440059
"East Carroll, Louisiana, US",6861
"East Feliciana, Louisiana, US",19135
"Eastland, Texas, US",18360
"Eaton, Michigan, US",110268
"Eau Claire, Wisconsin, US",104646
"Echols, Georgia, US",4006
"Ector, Texas, US",166223
"Eddy, New Mexico, US",58460
"Eddy, North Dakota, US",2287
"Edgar, Illinois, US",17161
"Edgecombe, North Carolina, US",51472
"Edgefield, South Carolina, US",27260
"Edmonson, Kentucky, US",12150
"Edmunds, South Dakota, US",3829
"Edwards, Illinois, US",6395
"Edwards, Kansas, US",2798
"Edwards, Texas, US",1932
"Effingham, Georgia, US",64296
"Effingham, Illinois, US",34008
"El Dorado, California, US",192843
"El Paso, Colorado, US",720403
"El Paso, Texas, US",839238
"Elbert, Colorado, US",26729
"Elbert, Georgia, US",19194
"Elk, Kansas, US",2530
"Elk, Pennsylvania, US",29910
"Elkhart, Indiana, US",206341
"Elko, Nevada, US",52778
"Elliott, Kentucky, US",7517
"Ellis, Kansas, US",28553
"Ellis, Oklahoma, US",3859
"Ellis, Texas, US",184826
"Ellsworth, Kansas, US",6102
"Elmore, Alabama, US",81209
"Elmore, Idaho, US",27511
"Emanuel, Georgia, US",22646
"Emery, Utah, US",10012
"Emmet, Iowa, US",9208
"Emmet, Michigan, US",33415
"Emmons, North Dakota, US",3241
"Emporia City, Virginia, US",5346
"Erath, Texas, US",42698
"Erie, New York, US",918702
"Erie, Ohio, US",74266
"Erie, Pennsylvania, US",269728
"Escambia, Alabama, US",36633
"Escambia, Florida, US",318316
"Esmeralda, Nevada, US",873
"Essex, Massachusetts, US",789034
"Essex, New Jersey, US",798975
"Essex, New York, US",36885
"Essex, Vermont, US",6163
"Essex, Virginia, US",10953
"Estill, Kentucky, US",14106
"Etowah, Alabama, US",102268
"Eureka, Nevada, US",2029
"Evangeline, Louisiana, US",33395
"Evans, Georgia, US",10654
"Fairbanks North Star Borough, Alaska, US",96849
"Fairfax City, Virginia, US",24019
"Fairfax, Virginia, US",1147532
"Fairfield, Connecticut, US",943332
"Fairfield, Ohio, US",157574
"Fairfield, South Carolina, US",22347
"Fall River, South Dakota, US",6713
"Fallon, Montana, US",2846
"Falls Church City, Virginia, US",14617
"Falls, Texas, US",17297
"Fannin, Georgia, US",26188
"Fannin, Texas, US",35514
"Faribault, Minnesota, US",13653
"Faulk, South Dakota, US",2299
"Faulkner, Arkansas, US",126007
"Fauquier, Virginia, US",71222
"Fayette, Alabama, US",16302
"Fayette, Georgia, US",114421
"Fayette, Illinois, US",21336
"Fayette, Indiana, US",23102
"Fayette, Iowa, US",19650
"Fayette, Kentucky, US",323152
"Fayette, Ohio, US",28525
"Fayette, Pennsylvania, US",129274
"Fayette, Tennessee, US",41133
"Fayette, Texas, US",25346
"Fayette, West Virginia, US",42406
"Fentress, Tennessee, US",18523
"Fergus, Montana, US",11050
"Ferry, Washington, US",7627
"Fillmore, Minnesota, US",21067
"Fillmore, Nebraska, US",5462
"Finney, Kansas, US",36467
"Fisher, Texas, US",3830
"Flagler, Florida, US",115081
"Flathead, Montana, US",103806
"Fleming, Kentucky, US",14581
"Florence, South Carolina, US",138293
"Florence, Wisconsin, US",4295
"Floyd, Georgia, US",98498
"Floyd, Indiana, US",78522
"Floyd, Iowa, US",15642
"Floyd, Kentucky, US",35589
"Floyd, Texas, US",5712
"Floyd, Virginia, US",15749
"Fluvanna, Virginia, US",27270
"Foard, Texas, US",1155
"Fond du Lac, Wisconsin, US",103403
"Ford, Illinois, US",12961
"Ford, Kansas, US",33619
"Forest, Pennsylvania, US",7247
"Forest, Wisconsin, US",9004
"Forrest, Mississippi, US",74897
"Forsyth, Georgia, US",244252
"Forsyth, North Carolina, US",382295
"Fort Bend, Texas, US",811688
"Foster, North Dakota, US",3210
"Fountain, Indiana, US",16346
"Franklin City, Virginia, US",7967
"Franklin, Alabama, US",31362
"Franklin, Arkansas, US",17715
"Franklin, Florida, US",12125
"Franklin, Georgia, US",23349
"Franklin, Idaho, US",13876
"Franklin, Illinois, US",38469
"Franklin, Indiana, US",22758
"Franklin, Iowa, US",10070
"Franklin, Kansas, US",25544
"Franklin, Kentucky, US",50991
"Franklin, Maine, US",30199
"Franklin, Massachusetts, US",70180
"Franklin, Mississippi, US",7713
"Franklin, Missouri, US",103967
"Franklin, Nebraska, US",2979
"Franklin, New York, US",50022
"Franklin, North Carolina, US",69685
"Franklin, Ohio, US",1316756
"Franklin, Pennsylvania, US",155027
"Franklin, Tennessee, US",42208
"Franklin, Texas, US",10725
"Franklin, Vermont, US",49402
"Franklin, Virginia, US",56042
"Franklin, Washington, US",95222
"Franklin, Louisiana, US",20015
"Frederick, Maryland, US",259547
"Frederick, Virginia, US",89313
"Fredericksburg, Virginia, US",29036
"Freeborn, Minnesota, US",30281
"Freestone, Texas, US",19717
"Fremont, Colorado, US",47839
"Fremont, Idaho, US",13099
"Fremont, Iowa, US",6960
"Fremont, Wyoming, US",39261
"Fresno, California, US",999101
"Frio, Texas, US",20306
"Frontier, Nebraska, US",2627
"Fulton, Arkansas, US",12477
"Fulton, Georgia, US",1063937
"Fulton, Illinois, US",34340
"Fulton, Indiana, US",19974
"Fulton, Kentucky, US",5969
"Fulton, New York, US",53383
"Fulton, Ohio, US",42126
"Fulton, Pennsylvania, US",14530
"Furnas, Nebraska, US",4676
"Gadsden, Florida, US",45660
"Gage, Nebraska, US",21513
"Gaines, Texas, US",21492
"Galax, Virginia, US",6347
"Gallatin, Illinois, US",4828
"Gallatin, Kentucky, US",8869
"Gallatin, Montana, US",114434
"Gallia, Ohio, US",29898
"Galveston, Texas, US",342139
"Garden, Nebraska, US",1837
"Garfield, Colorado, US",60061
"Garfield, Montana, US",1258
"Garfield, Nebraska, US",1969
"Garfield, Oklahoma, US",61056
"Garfield, Utah, US",5051
"Garfield, Washington, US",2225
"Garland, Arkansas, US",99386
"Garrard, Kentucky, US",17666
"Garrett, Maryland, US",29014
"Garvin, Oklahoma, US",27711
"Garza, Texas, US",6229
"Gasconade, Missouri, US",14706
"Gaston, North Carolina, US",224529
"Gates, North Carolina, US",11562
"Geary, Kansas, US",31670
"Geauga, Ohio, US",93649
"Gem, Idaho, US",18112
"Genesee, Michigan, US",405813
"Genesee, New York, US",57280
"Geneva, Alabama, US",26271
"Gentry, Missouri, US",6571
"George, Mississippi, US",24500
"Georgetown, South Carolina, US",62680
"Gibson, Indiana, US",33659
"Gibson, Tennessee, US",49133
"Gila, Arizona, US",54018
"Gilchrist, Florida, US",18582
"Giles, Tennessee, US",29464
"Giles, Virginia, US",16720
"Gillespie, Texas, US",26988
"Gilliam, Oregon, US",1912
"Gilmer, Georgia, US",31369
"Gilmer, West Virginia, US",7823
"Gilpin, Colorado, US",6243
"Glacier, Montana, US",13753
"Glades, Florida, US",13811
"Gladwin, Michigan, US",25449
"Glascock, Georgia, US",2971
"Glasscock, Texas, US",1409
"Glenn, California, US",28393
"Gloucester, New Jersey, US",291636
"Gloucester, Virginia, US",37348
"Glynn, Georgia, US",85292
"Gogebic, Michigan, US",13975
"Golden Valley, Montana, US",821
"Golden Valley, North Dakota, US",1761
"Goliad, Texas, US",7658
"Gonzales, Texas, US",20837
"Goochland, Virginia, US",23753
"Goodhue, Minnesota, US",46340
"Gooding, Idaho, US",15179
"Gordon, Georgia, US",57963
"Goshen, Wyoming, US",13211
"Gosper, Nebraska, US",1990
"Gove, Kansas, US",2636
"Grady, Georgia, US",24633
"Grady, Oklahoma, US",55834
"Grafton, New Hampshire, US",89886
"Graham, Arizona, US",38837
"Graham, Kansas, US",2482
"Graham, North Carolina, US",8441
"Grainger, Tennessee, US",23320
"Grand, Colorado, US",15734
"Grand, Utah, US",9754
"Grand Forks, North Dakota, US",69451
"Grand Isle, Vermont, US",7235
"Grand Traverse, Michigan, US",93088
"Granite, Montana, US",3379
"Grant, Arkansas, US",18265
"Grant, Indiana, US",65769
"Grant, Kansas, US",7150
"Grant, Kentucky, US",25069
"Grant, Minnesota, US",5972
"Grant, Nebraska, US",623
"Grant, New Mexico, US",26998
"Grant, North Dakota, US",2274
"Grant, Oklahoma, US",4333
"Grant, Oregon, US",7199
"Grant, South Dakota, US",7052
"Grant, Washington, US",97733
"Grant, West Virginia, US",11568
"Grant, Wisconsin, US",51439
"Grant, Louisiana, US",22389
"Granville, North Carolina, US",60443
"Gratiot, Michigan, US",40711
"Graves, Kentucky, US",37266
"Gray, Kansas, US",5988
"Gray, Texas, US",21886
"Grays Harbor, Washington, US",75061
"Grayson, Kentucky, US",26427
"Grayson, Texas, US",136212
"Grayson, Virginia, US",15550
"Greeley, Kansas, US",1232
"Greeley, Nebraska, US",2356
"Green, Kentucky, US",10941
"Green, Wisconsin, US",36960
"Green Lake, Wisconsin, US",18913
"Greenbrier, West Virginia, US",34662
"Greene, Alabama, US",8111
"Greene, Arkansas, US",45325
"Greene, Georgia, US",18324
"Greene, Illinois, US",12969
"Greene, Indiana, US",31922
"Greene, Iowa, US",8888
"Greene, Mississippi, US",13586
"Greene, Missouri, US",293086
"Greene, New York, US",47188
"Greene, North Carolina, US",21069
"Greene, Ohio, US",168937
"Greene, Pennsylvania, US",36233
"Greene, Tennessee, US",69069
"Greene, Virginia, US",19819
"Greenlee, Arizona, US",9498
"Greensville, Virginia, US",11336
"Greenup, Kentucky, US",35098
"Greenville, South Carolina, US",523542
"Greenwood, Kansas, US",5982
"Greenwood, South Carolina, US",70811
"Greer, Oklahoma, US",5712
"Gregg, Texas, US",123945
"Gregory, South Dakota, US",4185
"Grenada, Mississippi, US",20758
"Griggs, North Dakota, US",2231
"Grimes, Texas, US",28880
"Grundy, Illinois, US",51054
"Grundy, Iowa, US",12232
"Grundy, Missouri, US",9850
"Grundy, Tennessee, US",13427
"Guadalupe, New Mexico, US",4300
"Guadalupe, Texas, US",166847
"Guernsey, Ohio, US",38875
"Guilford, North Carolina, US",537174
"Gulf, Florida, US",13639
"Gunnison, Colorado, US",17462
"Guthrie, Iowa, US",10689
"Gwinnett, Georgia, US",936250
"Haakon, South Dakota, US",1899
"Habersham, Georgia, US",45328
"Haines Borough, Alaska, US",2530
"Hale, Alabama, US",14651
"Hale, Texas, US",33406
"Halifax, North Carolina, US",50010
"Halifax, Virginia, US",33911
"Hall, Georgia, US",204441
"Hall, Nebraska, US",61353
"Hall, Texas, US",2964
"Hamblen, Tennessee, US",64934
"Hamilton, Florida, US",14428
"Hamilton, Illinois, US",8116
"Hamilton, Indiana, US",338011
"Hamilton, Iowa, US",14773
"Hamilton, Kansas, US",2539
"Hamilton, Nebraska, US",9324
"Hamilton, New York, US",4416
"Hamilton, Ohio, US",817473
"Hamilton, Tennessee, US",367804
"Hamilton, Texas, US",8461
"Hamlin, South Dakota, US",6164
"Hampden, Massachusetts, US",466372
"Hampshire, Massachusetts, US",160830
"Hampshire, West Virginia, US",23175
"Hampton City, Virginia, US",134510
"Hampton, South Carolina, US",19222
"Hancock, Georgia, US",8457
"Hancock, Illinois, US",17708
"Hancock, Indiana, US",78168
"Hancock, Iowa, US",10630
"Hancock, Kentucky, US",8722
"Hancock, Maine, US",54987
"Hancock, Mississippi, US",47632
"Hancock, Ohio, US",75783
"Hancock, Tennessee, US",6620
"Hancock, West Virginia, US",28810
"Hand, South Dakota, US",3191
"Hanover, Virginia, US",107766
"Hansford, Texas, US",5399
"Hanson, South Dakota, US",3453
"Haralson, Georgia, US",29792
"Hardee, Florida, US",26937
"Hardeman, Tennessee, US",25050
"Hardeman, Texas, US",3933
"Hardin, Illinois, US",3821
"Hardin, Iowa, US",16846
"Hardin, Kentucky, US",110958
"Hardin, Ohio, US",31365
"Hardin, Tennessee, US",25652
"Hardin, Texas, US",57602
"Harding, New Mexico, US",625
"Harding, South Dakota, US",1298
"Hardy, West Virginia, US",13776
"Harford, Maryland, US",255441
"Harlan, Kentucky, US",26010
"Harlan, Nebraska, US",3380
"Harmon, Oklahoma, US",2653
"Harnett, North Carolina, US",135976
"Harney, Oregon, US",7393
"Harper, Kansas, US",5436
"Harper, Oklahoma, US",3688
"Harris, Georgia, US",35236
"Harris, Texas, US",4713325
"Harrison, Indiana, US",40515
"Harrison, Iowa, US",14049
"Harrison, Kentucky, US",18886
"Harrison, Mississippi, US",208080
"Harrison, Missouri, US",8352
"Harrison, Ohio, US",15040
"Harrison, Texas, US",66553
"Harrison, West Virginia, US",67256
"Harrisonburg City, Virginia, US",53016
"Hart, Georgia, US",26205
"Hart, Kentucky, US",19035
"Hartford, Connecticut, US",891720
"Hartley, Texas, US",5576
"Harvey, Kansas, US",34429
"Haskell, Kansas, US",3968
"Haskell, Oklahoma, US",12627
"Haskell, Texas, US",5658
"Hawaii, Hawaii, US",201513
"Hawkins, Tennessee, US",56786
"Hayes, Nebraska, US",922
"Hays, Texas, US",230191
"Haywood, North Carolina, US",62317
"Haywood, Tennessee, US",17304
"Heard, Georgia, US",11923
"Hemphill, Texas, US",3819
"Hempstead, Arkansas, US",21532
"Henderson, Illinois, US",6646
"Henderson, Kentucky, US",45210
"Henderson, North Carolina, US",117417
"Henderson, Tennessee, US",28117
"Henderson, Texas, US",82737
"Hendricks, Indiana, US",170311
"Hendry, Florida, US",42022
"Hennepin, Minnesota, US",1265843
"Henrico, Virginia, US",330818
"Henry, Alabama, US",17205
"Henry, Georgia, US",234561
"Henry, Illinois, US",48913
"Henry, Indiana, US",47972
"Henry, Iowa, US",19954
"Henry, Kentucky, US",16126
"Henry, Missouri, US",21824
"Henry, Ohio, US",27006
"Henry, Tennessee, US",32345
"Henry, Virginia, US",50557
"Herkimer, New York, US",61319
"Hernando, Florida, US",193920
"Hertford, North Carolina, US",23677
"Hettinger, North Dakota, US",2499
"Hickman, Kentucky, US",4380
"Hickman, Tennessee, US",25178
"Hickory, Missouri, US",9544
"Hidalgo, New Mexico, US",4198
"Hidalgo, Texas, US",868707
"Highland, Ohio, US",43161
"Highland, Virginia, US",2190
"Highlands, Florida, US",106221
"Hill, Montana, US",16484
"Hill, Texas, US",36649
"Hillsborough, Florida, US",1471968
"Hillsborough, New Hampshire, US",417025
"Hillsdale, Michigan, US",45605
"Hinds, Mississippi, US",231840
"Hinsdale, Colorado, US",820
"Hitchcock, Nebraska, US",2762
"Hocking, Ohio, US",28264
"Hockley, Texas, US",23021
"Hodgeman, Kansas, US",1794
"Hoke, North Carolina, US",55234
"Holmes, Florida, US",19617
"Holmes, Mississippi, US",17010
"Holmes, Ohio, US",43960
"Holt, Missouri, US",4403
"Holt, Nebraska, US",10067
"Honolulu, Hawaii, US",974563
"Hood, Texas, US",61643
"Hood River, Oregon, US",23382
"Hooker, Nebraska, US",682
"Hoonah-Angoon Census Area, Alaska, US",2148
"Hopewell, Virginia, US",22529
"Hopkins, Kentucky, US",44686
"Hopkins, Texas, US",37084
"Horry, South Carolina, US",354081
"Hot Spring, Arkansas, US",33771
"Hot Springs, Wyoming, US",4413
"Houghton, Michigan, US",35684
"Houston, Alabama, US",105882
"Houston, Georgia, US",157863
"Houston, Minnesota, US",18600
"Houston, Tennessee, US",8201
"Houston, Texas, US",22968
"Howard, Arkansas, US",13202
"Howard, Indiana, US",82544
"Howard, Iowa, US",9158
"Howard, Maryland, US",325690
"Howard, Missouri, US",10001
"Howard, Nebraska, US",6445
"Howard, Texas, US",36664
"Howell, Missouri, US",40117
"Hubbard, Minnesota, US",21491
"Hudson, New Jersey, US",672391
"Hudspeth, Texas, US",4886
"Huerfano, Colorado, US",6897
"Hughes, Oklahoma, US",13279
"Hughes, South Dakota, US",17526
"Humboldt, California, US",135558
"Humboldt, Iowa, US",9558
"Humboldt, Nevada, US",16831
"Humphreys, Mississippi, US",8064
"Humphreys, Tennessee, US",18582
"Hunt, Texas, US",98594
"Hunterdon, New Jersey, US",124371
"Huntingdon, Pennsylvania, US",45144
"Huntington, Indiana, US",36520
"Huron, Michigan, US",30981
"Huron, Ohio, US",58266
"Hutchinson, South Dakota, US",7291
"Hutchinson, Texas, US",20938
"Hyde, North Carolina, US",4937
"Hyde, South Dakota, US",1301
"Iberia, Louisiana, US",69830
"Iberville, Louisiana, US",32511
"Ida, Iowa, US",6860
"Idaho, Idaho, US",16667
"Imperial, California, US",181215
"Independence, Arkansas, US",37825
"Indian River, Florida, US",159923
"Indiana, Pennsylvania, US",84073
"Ingham, Michigan, US",292406
"Inyo, California, US",18039
"Ionia, Michigan, US",64697
"Iosco, Michigan, US",25127
"Iowa, Iowa, US",16184
"Iowa, Wisconsin, US",23678
"Iredell, North Carolina, US",181806
"Irion, Texas, US",1536
"Iron, Michigan, US",11066
"Iron, Missouri, US",10125
"Iron, Utah, US",54839
"Iron, Wisconsin, US",5687
"Iroquois, Illinois, US",27114
"Irwin, Georgia, US",9416
"Isabella, Michigan, US",69872
"Isanti, Minnesota, US",40596
"Island, Washington, US",85141
"Isle of Wight, Virginia, US",37109
"Issaquena, Mississippi, US",1327
"Itasca, Minnesota, US",45130
"Itawamba, Mississippi, US",23390
"Izard, Arkansas, US",13629
"Jack, Texas, US",8935
"Jackson, Alabama, US",51626
"Jackson, Arkansas, US",16719
"Jackson, Colorado, US",1392
"Jackson, Florida, US",46414
"Jackson, Georgia, US",72977
"Jackson, Illinois, US",56750
"Jackson, Indiana, US",44231
"Jackson, Iowa, US",19439
"Jackson, Kansas, US",13171
"Jackson, Kentucky, US",13329
"Jackson, Michigan, US",158510
"Jackson, Minnesota, US",9846
"Jackson, Mississippi, US",143617
"Jackson, Missouri, US",703011
"Jackson, North Carolina, US",43938
"Jackson, Ohio, US",32413
"Jackson, Oklahoma, US",24530
"Jackson, Oregon, US",220944
"Jackson, South Dakota, US",3344
"Jackson, Tennessee, US",11786
"Jackson, Texas, US",14760
"Jackson, West Virginia, US",28576
"Jackson, Wisconsin, US",20643
"Jackson, Louisiana, US",15744
"James City, Virginia, US",76523
"Jasper, Georgia, US",14219
"Jasper, Illinois, US",9610
"Jasper, Indiana, US",33562
"Jasper, Iowa, US",37185
"Jasper, Mississippi, US",16383
"Jasper, Missouri, US",121328
"Jasper, South Carolina, US",30073
"Jasper, Texas, US",35529
"Jay, Indiana, US",20436
"Jeff Davis, Georgia, US",15115
"Jeff Davis, Texas, US",2274
"Jefferson, Alabama, US",658573
"Jefferson, Arkansas, US",66824
"Jefferson, Colorado, US",582881
"Jefferson, Florida, US",14246
"Jefferson, Georgia, US",15362
"Jefferson, Idaho, US",29871
"Jefferson, Illinois, US",37684
"Jefferson, Indiana, US",32308
"Jefferson, Iowa, US",18295
"Jefferson, Kansas, US",19043
"Jefferson, Kentucky, US",766757
"Jefferson, Mississippi, US",6990
"Jefferson, Missouri, US",225081
"Jefferson, Montana, US",12221
"Jefferson, Nebraska, US",7046
"Jefferson, New York, US",109834
"Jefferson, Ohio, US",65325
"Jefferson, Oklahoma, US",6002
"Jefferson, Oregon, US",24658
"Jefferson, Pennsylvania, US",43425
"Jefferson, Tennessee, US",54495
"Jefferson, Texas, US",251565
"Jefferson, Washington, US",32221
"Jefferson, West Virginia, US",57146
"Jefferson, Wisconsin, US",84769
"Jefferson Davis, Mississippi, US",11128
"Jefferson Davis, Louisiana, US",31368
"Jefferson, Louisiana, US",432493
"Jenkins, Georgia, US",8676
"Jennings, Indiana, US",27735
"Jerauld, South Dakota, US",2013
"Jerome, Idaho, US",24412
"Jersey, Illinois, US",21773
"Jessamine, Kentucky, US",54115
"Jewell, Kansas, US",2879
"Jim Hogg, Texas, US",5200
"Jim Wells, Texas, US",40482
"Jo Daviess, Illinois, US",21235
"Johnson, Arkansas, US",26578
"Johnson, Georgia, US",9643
"Johnson, Illinois, US",12417
"Johnson, Indiana, US",158167
"Johnson, Iowa, US",151140
"Johnson, Kansas, US",602401
"Johnson, Kentucky, US",22188
"Johnson, Missouri, US",54062
"Johnson, Nebraska, US",5071
"Johnson, Tennessee, US",17788
"Johnson, Texas, US",175817
"Johnson, Wyoming, US",8445
"Johnston, North Carolina, US",209339
"Johnston, Oklahoma, US",11085
"Jones, Georgia, US",28735
"Jones, Iowa, US",20681
"Jones, Mississippi, US",68098
"Jones, North Carolina, US",9419
"Jones, South Dakota, US",903
"Jones, Texas, US",20083
"Josephine, Oregon, US",87487
"Juab, Utah, US",12017
"Judith Basin, Montana, US",2007
"Juneau City and Borough, Alaska, US",31974
"Juneau, Wisconsin, US",26687
"Juniata, Pennsylvania, US",24763
"Kalamazoo, Michigan, US",265066
"Kalawao, Hawaii, US",86
"Kalkaska, Michigan, US",18038
"Kanabec, Minnesota, US",16337
"Kanawha, West Virginia, US",178124
"Kandiyohi, Minnesota, US",43199
"Kane, Illinois, US",532403
"Kane, Utah, US",7886
"Kankakee, Illinois, US",109862
"Karnes, Texas, US",15601
"Kauai, Hawaii, US",72293
"Kaufman, Texas, US",136154
"Kay, Oklahoma, US",43538
"Kearney, Nebraska, US",6495
"Kearny, Kansas, US",3838
"Keith, Nebraska, US",8034
"Kemper, Mississippi, US",9742
"Kenai Peninsula Borough, Alaska, US",58708
"Kendall, Illinois, US",128990
"Kendall, Texas, US",47431
"Kenedy, Texas, US",404
"Kennebec, Maine, US",122302
"Kenosha, Wisconsin, US",169561
"Kent, Delaware, US",180786
"Kent, Maryland, US",19422
"Kent, Michigan, US",656955
"Kent, Rhode Island, US",164292
"Kent, Texas, US",762
"Kenton, Kentucky, US",166998
"Keokuk, Iowa, US",10246
"Kern, California, US",900202
"Kerr, Texas, US",52600
"Kershaw, South Carolina, US",66551
"Ketchikan Gateway Borough, Alaska, US",13901
"Kewaunee, Wisconsin, US",20434
"Keweenaw, Michigan, US",2116
"Keya Paha, Nebraska, US",806
"Kidder, North Dakota, US",2480
"Kimball, Nebraska, US",3632
"Kimble, Texas, US",4337
"King and Queen, Virginia, US",7025
"King, Texas, US",272
"King, Washington, US",2252782
"King George, Virginia, US",26836
"King William, Virginia, US",17148
"Kingfisher, Oklahoma, US",15765
"Kingman, Kansas, US",7152
"Kings, California, US",152940
"Kings, New York, US",2559903
"Kingsbury, South Dakota, US",4939
"Kinney, Texas, US",3667
"Kiowa, Colorado, US",1406
"Kiowa, Kansas, US",2475
"Kiowa, Oklahoma, US",8708
"Kit Carson, Colorado, US",7097
"Kitsap, Washington, US",271473
"Kittitas, Washington, US",47935
"Kittson, Minnesota, US",4298
"Klamath, Oregon, US",68238
"Kleberg, Texas, US",30680
"Klickitat, Washington, US",22425
"Knott, Kentucky, US",14806
"Knox, Illinois, US",49699
"Knox, Indiana, US",36594
"Knox, Kentucky, US",31145
"Knox, Maine, US",39772
"Knox, Missouri, US",3959
"Knox, Nebraska, US",8332
"Knox, Ohio, US",62322
"Knox, Tennessee, US",470313
"Knox, Texas, US",3664
"Kodiak Island Borough, Alaska, US",12998
"Koochiching, Minnesota, US",12229
"Kootenai, Idaho, US",165697
"Kosciusko, Indiana, US",79456
"Kossuth, Iowa, US",14813
"Kusilvak Census Area, Alaska, US",8314
"La Crosse, Wisconsin, US",118016
"La Paz, Arizona, US",21108
"La Plata, Colorado, US",56221
"La Salle, Texas, US",7520
"Labette, Kansas, US",19618
"Lac qui Parle,Minnesota,US",6623
"Lackawanna, Pennsylvania, US",209674
"Laclede, Missouri, US",35723
"Lafayette, Arkansas, US",6624
"Lafayette, Florida, US",8422
"Lafayette, Mississippi, US",54019
"Lafayette, Missouri, US",32708
"Lafayette, Wisconsin, US",16665
"Lafayette, Louisiana, US",244390
"Lafourche, Louisiana, US",97614
"LaGrange, Indiana, US",39614
"Lake and Peninsula Borough, Alaska, US",1592
"Lake, California, US",64386
"Lake, Colorado, US",8127
"Lake, Florida, US",367118
"Lake, Illinois, US",696535
"Lake, Indiana, US",485493
"Lake, Michigan, US",11853
"Lake, Minnesota, US",10641
"Lake, Montana, US",30458
"Lake, Ohio, US",230149
"Lake, Oregon, US",7869
"Lake, South Dakota, US",12797
"Lake, Tennessee, US",7016
"Lake of the Woods, Minnesota, US",3740
"Lamar, Alabama, US",13805
"Lamar, Georgia, US",19077
"Lamar, Mississippi, US",63343
"Lamar, Texas, US",49859
"Lamb, Texas, US",12893
"Lamoille, Vermont, US",25362
"LaMoure, North Dakota, US",4046
"Lampasas, Texas, US",21428
"Lancaster, Nebraska, US",319090
"Lancaster, Pennsylvania, US",545724
"Lancaster, South Carolina, US",98012
"Lancaster, Virginia, US",10603
"Lander, Nevada, US",5532
"Lane, Kansas, US",1535
"Lane, Oregon, US",382067
"Langlade, Wisconsin, US",19189
"Lanier, Georgia, US",10423
"Lapeer, Michigan, US",87607
"LaPorte, Indiana, US",109888
"Laramie, Wyoming, US",99500
"Larimer, Colorado, US",356899
"Larue, Kentucky, US",14398
"Las Animas, Colorado, US",14506
"LaSalle, Illinois, US",108669
"LaSalle,Louisiana,US",14892
"Lassen, California, US",30573
"Latah, Idaho, US",40108
"Latimer, Oklahoma, US",10073
"Lauderdale, Alabama, US",92729
"Lauderdale, Mississippi, US",74125
"Lauderdale, Tennessee, US",25633
"Laurel, Kentucky, US",60813
"Laurens, Georgia, US",47546
"Laurens, South Carolina, US",67493
"Lavaca, Texas, US",20154
"Lawrence, Alabama, US",32924
"Lawrence, Arkansas, US",16406
"Lawrence, Illinois, US",15678
"Lawrence, Indiana, US",45370
"Lawrence, Kentucky, US",15317
"Lawrence, Mississippi, US",12586
"Lawrence, Missouri, US",38355
"Lawrence, Ohio, US",59463
"Lawrence, Pennsylvania, US",85512
"Lawrence, South Dakota, US",25844
"Lawrence, Tennessee, US",44142
"Le Flore, Oklahoma, US",49853
"Le Sueur, Minnesota, US",28887
"Lea, New Mexico, US",71070
"Leake, Mississippi, US",22786
"Leavenworth, Kansas, US",81758
"Lebanon, Pennsylvania, US",141793
"Lee, Alabama, US",164542
"Lee, Arkansas, US",8857
"Lee, Florida, US",770577
"Lee, Georgia, US",29992
"Lee, Illinois, US",34096
"Lee, Iowa, US",33657
"Lee, Kentucky, US",7403
"Lee, Mississippi, US",85436
"Lee, North Carolina, US",61779
"Lee, South Carolina, US",16828
"Lee, Texas, US",17239
"Lee, Virginia, US",23423
"Leelanau, Michigan, US",21761
"Leflore, Mississippi, US",28183
"Lehigh, Pennsylvania, US",369318
"Lemhi, Idaho, US",8027
"Lenawee, Michigan, US",98451
"Lenoir, North Carolina, US",55949
"Leon, Florida, US",293582
"Leon, Texas, US",17404
"Leslie, Kentucky, US",9877
"Letcher, Kentucky, US",21553
"Levy, Florida, US",41503
"Lewis and Clark, Montana, US",69432
"Lewis, Idaho, US",3838
"Lewis, Kentucky, US",13275
"Lewis, Missouri, US",9776
"Lewis, New York, US",26296
"Lewis, Tennessee, US",12268
"Lewis, Washington, US",80707
"Lewis, West Virginia, US",15907
"Lexington City, Virginia, US",7446
"Lexington, South Carolina, US",298750
"Liberty, Florida, US",8354
"Liberty, Georgia, US",61435
"Liberty, Montana, US",2337
"Liberty, Texas, US",88219
"Licking, Ohio, US",176862
"Limestone, Alabama, US",98915
"Limestone, Texas, US",23437
"Lincoln, Arkansas, US",13024
"Lincoln, Colorado, US",5701
"Lincoln, Georgia, US",7921
"Lincoln, Idaho, US",5366
"Lincoln, Kansas, US",2962
"Lincoln, Kentucky, US",24549
"Lincoln, Maine, US",34634
"Lincoln, Minnesota, US",5639
"Lincoln, Mississippi, US",34153
"Lincoln, Missouri, US",59013
"Lincoln, Montana, US",19980
"Lincoln, Nebraska, US",34914
"Lincoln, Nevada, US",5183
"Lincoln, New Mexico, US",19572
"Lincoln, North Carolina, US",86111
"Lincoln, Oklahoma, US",34877
"Lincoln, Oregon, US",49962
"Lincoln, South Dakota, US",61128
"Lincoln, Tennessee, US",34366
"Lincoln, Washington, US",10939
"Lincoln, West Virginia, US",20409
"Lincoln, Wisconsin, US",27593
"Lincoln, Wyoming, US",19830
"Lincoln, Louisiana, US",46742
"Linn, Iowa, US",226706
"Linn, Kansas, US",9703
"Linn, Missouri, US",11920
"Linn, Oregon, US",129749
"Lipscomb, Texas, US",3233
"Litchfield, Connecticut, US",180333
"Little River, Arkansas, US",12259
"Live Oak, Texas, US",12207
"Livingston, Illinois, US",35648
"Livingston, Kentucky, US",9194
"Livingston, Michigan, US",191995
"Livingston, Missouri, US",15227
"Livingston, New York, US",62914
"Livingston, Louisiana, US",140789
"Llano, Texas, US",21795
"Logan, Arkansas, US",21466
"Logan, Colorado, US",22409
"Logan, Illinois, US",28618
"Logan, Kansas, US",2794
"Logan, Kentucky, US",27102
"Logan, Nebraska, US",748
"Logan, North Dakota, US",1850
"Logan, Ohio, US",45672
"Logan, Oklahoma, US",48011
"Logan, West Virginia, US",32019
"Long, Georgia, US",19559
"Lonoke, Arkansas, US",73309
"Lorain, Ohio, US",309833
"Los Alamos, New Mexico, US",19369
"Los Angeles, California, US",10039107
"Loudon, Tennessee, US",54068
"Loudoun, Virginia, US",413538
"Louisa, Iowa, US",11035
"Louisa, Virginia, US",37591
"Loup, Nebraska, US",664
"Love, Oklahoma, US",10253
"Loving, Texas, US",169
"Lowndes, Alabama, US",9726
"Lowndes, Georgia, US",117406
"Lowndes, Mississippi, US",58595
"Lubbock, Texas, US",310569
"Lucas, Iowa, US",8600
"Lucas, Ohio, US",428348
"Luce, Michigan, US",6229
"Lumpkin, Georgia, US",33610
"Luna, New Mexico, US",23709
"Lunenburg, Virginia, US",12196
"Luzerne, Pennsylvania, US",317417
"Lycoming, Pennsylvania, US",113299
"Lyman, South Dakota, US",3781
"Lynchburg City, Virginia, US",82168
"Lynn, Texas, US",5951
"Lyon, Iowa, US",11755
"Lyon, Kansas, US",33195
"Lyon, Kentucky, US",8210
"Lyon, Minnesota, US",25474
"Lyon, Nevada, US",57510
"Mackinac, Michigan, US",10799
"Macomb, Michigan, US",873972
"Macon, Alabama, US",18068
"Macon, Georgia, US",12947
"Macon, Illinois, US",104009
"Macon, Missouri, US",15117
"Macon, North Carolina, US",35858
"Macon, Tennessee, US",24602
"Macoupin, Illinois, US",44926
"Madera, California, US",157327
"Madison, Alabama, US",372909
"Madison, Arkansas, US",16576
"Madison, Florida, US",18493
"Madison, Georgia, US",29880
"Madison, Idaho, US",39907
"Madison, Illinois, US",262966
"Madison, Indiana, US",129569
"Madison, Iowa, US",16338
"Madison, Kentucky, US",92987
"Madison, Mississippi, US",106272
"Madison, Missouri, US",12088
"Madison, Montana, US",8600
"Madison, Nebraska, US",35099
"Madison, New York, US",70941
"Madison, North Carolina, US",21755
"Madison, Ohio, US",44731
"Madison, Tennessee, US",97984
"Madison, Texas, US",14284
"Madison, Virginia, US",13261
"Madison, Louisiana, US",10951
"Magoffin, Kentucky, US",12161
"Mahaska, Iowa, US",22095
"Mahnomen, Minnesota, US",5527
"Mahoning, Ohio, US",228683
"Major, Oklahoma, US",7629
"Malheur, Oregon, US",30571
"Manassas City, Virginia, US",41085
"Manassas Park, Virginia, US",17478
"Manatee, Florida, US",403253
"Manistee, Michigan, US",24558
"Manitowoc, Wisconsin, US",78981
"Marathon, Wisconsin, US",135692
"Marengo, Alabama, US",18863
"Maricopa, Arizona, US",4485414
"Maries, Missouri, US",8697
"Marin, California, US",258826
"Marinette, Wisconsin, US",40350
"Marion, Alabama, US",29709
"Marion, Arkansas, US",16694
"Marion, Florida, US",365579
"Marion, Georgia, US",8359
"Marion, Illinois, US",37205
"Marion, Indiana, US",964582
"Marion, Iowa, US",33253
"Marion, Kansas, US",11884
"Marion, Kentucky, US",19273
"Marion, Mississippi, US",24573
"Marion, Missouri, US",28530
"Marion, Ohio, US",65093
"Marion, Oregon, US",347818
"Marion, South Carolina, US",30657
"Marion, Tennessee, US",28907
"Marion, Texas, US",9854
"Marion, West Virginia, US",56072
"Mariposa, California, US",17203
"Marlboro, South Carolina, US",26118
"Marquette, Michigan, US",66699
"Marquette, Wisconsin, US",15574
"Marshall, Alabama, US",96774
"Marshall, Illinois, US",11438
"Marshall, Indiana, US",46258
"Marshall, Iowa, US",39369
"Marshall, Kansas, US",9707
"Marshall, Kentucky, US",31100
"Marshall, Minnesota, US",9336
"Marshall, Mississippi, US",35294
"Marshall, Oklahoma, US",16931
"Marshall, South Dakota, US",4935
"Marshall, Tennessee, US",34375
"Marshall, West Virginia, US",30531
"Martin, Florida, US",161000
"Martin, Indiana, US",10255
"Martin, Kentucky, US",11195
"Martin, Minnesota, US",19683
"Martin, North Carolina, US",22440
"Martin, Texas, US",5771
"Martinsville City, Virginia, US",12554
"Mason, Illinois, US",13359
"Mason, Kentucky, US",17070
"Mason, Michigan, US",29144
"Mason, Texas, US",4274
"Mason, Washington, US",66768
"Mason, West Virginia, US",26516
"Massac, Illinois, US",13772
"Matagorda, Texas, US",36643
"Matanuska-Susitna,Alaska,US",108317
"Mathews, Virginia, US",8834
"Maui, Hawaii, US",167417
"Maury, Tennessee, US",96387
"Maverick, Texas, US",58722
"Mayes, Oklahoma, US",41100
"McClain, Oklahoma, US",40474
"McCone, Montana, US",1664
"McCook, South Dakota, US",5586
"McCormick, South Carolina, US",9463
"McCracken, Kentucky, US",65418
"McCreary, Kentucky, US",17231
"McCulloch, Texas, US",7984
"McCurtain, Oklahoma, US",32832
"McDonald, Missouri, US",22837
"McDonough, Illinois, US",29682
"McDowell, North Carolina, US",45756
"McDowell, West Virginia, US",17624
"McDuffie,Georgia,US",21312
"McHenry, Illinois, US",307774
"McHenry, North Dakota, US",5745
"McIntosh,Georgia,US",14378
"McIntosh, North Dakota, US",2497
"McIntosh, Oklahoma, US",19596
"McKean,Pennsylvania,US",40625
"McKenzie, North Dakota, US",15024
"McKinley, New Mexico, US",71367
"McLean, Illinois, US",171517
"McLean, Kentucky, US",9207
"McLean, North Dakota, US",9450
"McLennan, Texas, US",256623
"McLeod, Minnesota, US",35893
"McMinn, Tennessee, US",53794
"McMullen, Texas, US",743
"McNairy, Tennessee, US",25694
"McPherson, Kansas, US",28542
"McPherson, Nebraska, US",494
"McPherson, South Dakota, US",2379
"Meade, Kansas, US",4033
"Meade, Kentucky, US",28572
"Meade, South Dakota, US",28332
"Meagher, Montana, US",1862
"Mecklenburg, North Carolina, US",1110356
"Mecklenburg, Virginia, US",30587
"Mecosta, Michigan, US",43453
"Medina, Ohio, US",179746
"Medina, Texas, US",51584
"Meeker, Minnesota, US",23222
"Meigs, Ohio, US",22907
"Meigs, Tennessee, US",12422
"Mellette, South Dakota, US",2061
"Menard, Illinois, US",12196
"Menard, Texas, US",2138
"Mendocino, California, US",86749
"Menifee, Kentucky, US",6489
"Menominee, Michigan, US",22780
"Menominee, Wisconsin, US",4556
"Merced, California, US",277680
"Mercer, Illinois, US",15437
"Mercer, Kentucky, US",21933
"Mercer, Missouri, US",3617
"Mercer, New Jersey, US",367430
"Mercer, North Dakota, US",8187
"Mercer, Ohio, US",41172
"Mercer, Pennsylvania, US",109424
"Mercer, West Virginia, US",58758
"Meriwether, Georgia, US",21167
"Merrick, Nebraska, US",7755
"Merrimack, New Hampshire, US",151391
"Mesa, Colorado, US",154210
"Metcalfe, Kentucky, US",10071
"Miami, Indiana, US",35516
"Miami, Kansas, US",34237
"Miami, Ohio, US",106987
"Miami-Dade, Florida, US",2716940
"Middlesex, Connecticut, US",162436
"Middlesex, Massachusetts, US",1611699
"Middlesex, New Jersey, US",825062
"Middlesex, Virginia, US",10582
"Midland, Michigan, US",83156
"Midland, Texas, US",176832
"Mifflin, Pennsylvania, US",46138
"Milam, Texas, US",24823
"Millard, Utah, US",13188
"Mille Lacs, Minnesota, US",26277
"Miller, Arkansas, US",43257
"Miller, Georgia, US",5718
"Miller, Missouri, US",25619
"Mills, Iowa, US",15109
"Mills, Texas, US",4873
"Milwaukee, Wisconsin, US",945726
"Miner, South Dakota, US",2216
"Mineral, Colorado, US",769
"Mineral, Montana, US",4397
"Mineral, Nevada, US",4505
"Mineral, West Virginia, US",26868
"Mingo, West Virginia, US",23424
"Minidoka, Idaho, US",21039
"Minnehaha, South Dakota, US",193134
"Missaukee, Michigan, US",15118
"Mississippi, Arkansas, US",40651
"Mississippi, Missouri, US",13180
"Missoula, Montana, US",119600
"Mitchell, Georgia, US",21863
"Mitchell, Iowa, US",10586
"Mitchell, Kansas, US",5979
"Mitchell, North Carolina, US",14964
"Mitchell, Texas, US",8545
"Mobile, Alabama, US",413210
"Modoc, California, US",8841
"Moffat, Colorado, US",13283
"Mohave, Arizona, US",212181
"Moniteau, Missouri, US",16132
"Monmouth, New Jersey, US",618795
"Mono, California, US",14444
"Monona, Iowa, US",8615
"Monongalia, West Virginia, US",105612
"Monroe, Alabama, US",20733
"Monroe, Arkansas, US",6701
"Monroe, Florida, US",74228
"Monroe, Georgia, US",27578
"Monroe, Illinois, US",34637
"Monroe, Indiana, US",148431
"Monroe, Iowa, US",7707
"Monroe, Kentucky, US",10650
"Monroe, Michigan, US",150500
"Monroe, Mississippi, US",35252
"Monroe, Missouri, US",8644
"Monroe, New York, US",741770
"Monroe, Ohio, US",13654
"Monroe, Pennsylvania, US",170271
"Monroe, Tennessee, US",46545
"Monroe, West Virginia, US",13275
"Monroe, Wisconsin, US",46253
"Montague, Texas, US",19818
"Montcalm, Michigan, US",63888
"Monterey, California, US",434061
"Montezuma, Colorado, US",26183
"Montgomery, Alabama, US",226486
"Montgomery, Arkansas, US",8986
"Montgomery, Georgia, US",9172
"Montgomery, Illinois, US",28414
"Montgomery, Indiana, US",38338
"Montgomery, Iowa, US",9917
"Montgomery, Kansas, US",31829
"Montgomery, Kentucky, US",28157
"Montgomery, Maryland, US",1050688
"Montgomery, Mississippi, US",9775
"Montgomery, Missouri, US",11551
"Montgomery, New York, US",49221
"Montgomery, North Carolina, US",27173
"Montgomery, Ohio, US",531687
"Montgomery, Pennsylvania, US",830915
"Montgomery, Tennessee, US",208993
"Montgomery, Texas, US",607391
"Montgomery, Virginia, US",98535
"Montmorency, Michigan, US",9328
"Montour, Pennsylvania, US",18230
"Montrose, Colorado, US",42758
"Moody, South Dakota, US",6576
"Moore, North Carolina, US",100880
"Moore, Tennessee, US",6488
"Moore, Texas, US",20940
"Mora, New Mexico, US",4521
"Morehouse, Louisiana, US",24874
"Morgan, Alabama, US",119679
"Morgan, Colorado, US",29068
"Morgan, Georgia, US",19276
"Morgan, Illinois, US",33658
"Morgan, Indiana, US",70489
"Morgan, Kentucky, US",13309
"Morgan, Missouri, US",20627
"Morgan, Ohio, US",14508
"Morgan, Tennessee, US",21403
"Morgan, Utah, US",12124
"Morgan, West Virginia, US",17884
"Morrill, Nebraska, US",4642
"Morris, Kansas, US",5620
"Morris, New Jersey, US",491845
"Morris, Texas, US",12388
"Morrison, Minnesota, US",33386
"Morrow, Ohio, US",35328
"Morrow, Oregon, US",11603
"Morton, Kansas, US",2587
"Morton, North Dakota, US",31364
"Motley, Texas, US",1200
"Moultrie, Illinois, US",14501
"Mountrail, North Dakota, US",10545
"Mower, Minnesota, US",40062
"Muhlenberg, Kentucky, US",30622
"Multnomah, Oregon, US",812855
"Murray, Georgia, US",40096
"Murray, Minnesota, US",8194
"Murray, Oklahoma, US",14073
"Muscatine, Iowa, US",42664
"Muscogee, Georgia, US",195769
"Muskegon, Michigan, US",173566
"Muskingum, Ohio, US",86215
"Muskogee, Oklahoma, US",67997
"Musselshell, Montana, US",4633
"Nacogdoches, Texas, US",65204
"Nance, Nebraska, US",3519
"Nantucket, Massachusetts, US",11399
"Napa, California, US",137744
"Nash, North Carolina, US",94298
"Nassau, Florida, US",88625
"Nassau, New York, US",1356924
"Natchitoches, Louisiana, US",38158
"Natrona, Wyoming, US",79858
"Navajo, Arizona, US",110924
"Navarro, Texas, US",50113
"Nelson, Kentucky, US",46233
"Nelson, North Dakota, US",2879
"Nelson, Virginia, US",14930
"Nemaha, Kansas, US",10231
"Nemaha, Nebraska, US",6972
"Neosho, Kansas, US",16007
"Neshoba, Mississippi, US",29118
"Ness, Kansas, US",2750
"Nevada, Arkansas, US",8252
"Nevada, California, US",99755
"New Castle, Delaware, US",558753
"New Hanover, North Carolina, US",234473
"New Haven, Connecticut, US",854757
"New Kent, Virginia, US",23091
"New London, Connecticut, US",265206
"New Madrid, Missouri, US",17076
"New York City, New York, US",1628706
"Newaygo, Michigan, US",48980
"Newberry, South Carolina, US",38440
"Newport, Rhode Island, US",82082
"Newport News City, Virginia, US",179225
"Newton, Arkansas, US",7753
"Newton, Georgia, US",111744
"Newton, Indiana, US",13984
"Newton, Mississippi, US",21018
"Newton, Missouri, US",58236
"Newton, Texas, US",13595
"Nez Perce, Idaho, US",40408
"Niagara, New York, US",209281
"Nicholas, Kentucky, US",7269
"Nicholas, West Virginia, US",24496
"Nicollet, Minnesota, US",34274
"Niobrara, Wyoming, US",2356
"Noble, Indiana, US",47744
"Noble, Ohio, US",14424
"Noble, Oklahoma, US",11131
"Nobles, Minnesota, US",21629
"Nodaway, Missouri, US",22092
"Nolan, Texas, US",14714
"Nome Census Area, Alaska, US",10004
"Norfolk City, Virginia, US",242742
"Norfolk, Massachusetts, US",706775
"Norman, Minnesota, US",6375
"North Slope Borough, Alaska, US",9832
"Northampton, North Carolina, US",19483
"Northampton, Pennsylvania, US",305285
"Northampton, Virginia, US",11710
"Northumberland, Pennsylvania, US",90843
"Northumberland, Virginia, US",12095
"Northwest Arctic Borough, Alaska, US",7621
"Norton City, Virginia, US",3981
"Norton, Kansas, US",5361
"Nottoway, Virginia, US",15232
"Nowata, Oklahoma, US",10076
"Noxubee, Mississippi, US",10417
"Nuckolls, Nebraska, US",4148
"Nueces, Texas, US",362294
"Nye, Nevada, US",46523
"O'Brien, Iowa, US",13753
"Oakland, Michigan, US",1257584
"Obion, Tennessee, US",30069
"Ocean, New Jersey, US",607186
"Oceana, Michigan, US",26467
"Ochiltree, Texas, US",9836
"Oconee, Georgia, US",40280
"Oconee, South Carolina, US",79546
"Oconto, Wisconsin, US",37930
"Ogemaw, Michigan, US",20997
"Oglala Lakota, South Dakota, US",14177
"Ogle, Illinois, US",50643
"Oglethorpe, Georgia, US",15259
"Ohio, Indiana, US",5875
"Ohio, Kentucky, US",23994
"Ohio, West Virginia, US",41411
"Okaloosa, Florida, US",210738
"Okanogan, Washington, US",42243
"Okeechobee, Florida, US",42168
"Okfuskee, Oklahoma, US",11993
"Oklahoma, Oklahoma, US",797434
"Okmulgee, Oklahoma, US",38465
"Oktibbeha, Mississippi, US",49587
"Oldham, Kentucky, US",66799
"Oldham, Texas, US",2112
"Oliver, North Dakota, US",1959
"Olmsted, Minnesota, US",158293
"Oneida, Idaho, US",4531
"Oneida, New York, US",228671
"Oneida, Wisconsin, US",35595
"Onondaga, New York, US",460528
"Onslow, North Carolina, US",197938
"Ontario, New York, US",109777
"Ontonagon, Michigan, US",5720
"Orange, California, US",3175692
"Orange, Florida, US",1393452
"Orange, Indiana, US",19646
"Orange, New York, US",384940
"Orange, North Carolina, US",148476
"Orange, Texas, US",83396
"Orange, Vermont, US",28892
"Orange, Virginia, US",37051
"Orangeburg, South Carolina, US",86175
"Oregon, Missouri, US",10529
"Orleans, New York, US",40352
"Orleans, Vermont, US",27037
"Orleans, Louisiana, US",390144
"Osage, Kansas, US",15949
"Osage, Missouri, US",13615
"Osage, Oklahoma, US",46963
"Osborne, Kansas, US",3421
"Osceola, Florida, US",375751
"Osceola, Iowa, US",5958
"Osceola, Michigan, US",23460
"Oscoda, Michigan, US",8241
"Oswego, New York, US",117124
"Otero, Colorado, US",18278
"Otero, New Mexico, US",67490
"Otoe, Nebraska, US",16012
"Otsego, Michigan, US",24668
"Otsego, New York, US",59493
"Ottawa, Kansas, US",5704
"Ottawa, Michigan, US",291830
"Ottawa, Ohio, US",40525
"Ottawa, Oklahoma, US",31127
"Otter Tail, Minnesota, US",58746
"Ouachita, Arkansas, US",23382
"Ouachita, Louisiana, US",153279
"Ouray, Colorado, US",4952
"Outagamie, Wisconsin, US",187885
"Overton, Tennessee, US",22241
"Owen, Indiana, US",20799
"Owen, Kentucky, US",10901
"Owsley, Kentucky, US",4415
"Owyhee, Idaho, US",11823
"Oxford, Maine, US",57975
"Ozark, Missouri, US",9174
"Ozaukee, Wisconsin, US",89221
"Pacific, Washington, US",22471
"Page, Iowa, US",15107
"Page, Virginia, US",23902
"Palm Beach, Florida, US",1496770
"Palo Alto, Iowa, US",8886
"Palo Pinto, Texas, US",29189
"Pamlico, North Carolina, US",12726
"Panola, Mississippi, US",34192
"Panola, Texas, US",23194
"Park, Colorado, US",18845
"Park, Montana, US",16606
"Park, Wyoming, US",29194
"Parke, Indiana, US",16937
"Parker, Texas, US",142878
"Parmer, Texas, US",9605
"Pasco, Florida, US",553947
"Pasquotank, North Carolina, US",39824
"Passaic, New Jersey, US",501826
"Patrick, Virginia, US",17608
"Paulding, Georgia, US",168667
"Paulding, Ohio, US",18672
"Pawnee, Kansas, US",6414
"Pawnee, Nebraska, US",2613
"Pawnee, Oklahoma, US",16376
"Payette, Idaho, US",23951
"Payne, Oklahoma, US",81784
"Peach, Georgia, US",27546
"Pearl River, Mississippi, US",55535
"Pecos, Texas, US",15823
"Pembina, North Dakota, US",6801
"Pemiscot, Missouri, US",15805
"Pend Oreille, Washington, US",13724
"Pender, North Carolina, US",63060
"Pendleton, Kentucky, US",14590
"Pendleton, West Virginia, US",6969
"Pennington, Minnesota, US",14119
"Pennington, South Dakota, US",113775
"Penobscot, Maine, US",152148
"Peoria, Illinois, US",179179
"Pepin, Wisconsin, US",7287
"Perkins, Nebraska, US",2891
"Perkins, South Dakota, US",2865
"Perquimans, North Carolina, US",13463
"Perry, Alabama, US",8923
"Perry, Arkansas, US",10455
"Perry, Illinois, US",20916
"Perry, Indiana, US",19169
"Perry, Kentucky, US",25758
"Perry, Mississippi, US",11973
"Perry, Missouri, US",19136
"Perry, Ohio, US",36134
"Perry, Pennsylvania, US",46272
"Perry, Tennessee, US",8076
"Pershing, Nevada, US",6725
"Person, North Carolina, US",39490
"Petersburg Borough, Alaska, US",3266
"Petersburg, Virginia, US",31346
"Petroleum, Montana, US",487
"Pettis, Missouri, US",42339
"Phelps, Missouri, US",44573
"Phelps, Nebraska, US",9034
"Philadelphia, Pennsylvania, US",1584064
"Phillips, Arkansas, US",17782
"Phillips, Colorado, US",4265
"Phillips, Kansas, US",5234
"Phillips, Montana, US",3954
"Piatt, Illinois, US",16344
"Pickaway, Ohio, US",58457
"Pickens, Alabama, US",19930
"Pickens, Georgia, US",32591
"Pickens, South Carolina, US",126884
"Pickett, Tennessee, US",5048
"Pierce, Georgia, US",19465
"Pierce, Nebraska, US",7148
"Pierce, North Dakota, US",3975
"Pierce, Washington, US",904980
"Pierce, Wisconsin, US",42754
"Pike, Alabama, US",33114
"Pike, Arkansas, US",10718
"Pike, Georgia, US",18962
"Pike, Illinois, US",15561
"Pike, Indiana, US",12389
"Pike, Kentucky, US",57876
"Pike, Mississippi, US",39288
"Pike, Missouri, US",18302
"Pike, Ohio, US",27772
"Pike, Pennsylvania, US",55809
"Pima, Arizona, US",1047279
"Pinal, Arizona, US",462789
"Pine, Minnesota, US",29579
"Pinellas, Florida, US",974996
"Pipestone, Minnesota, US",9126
"Piscataquis, Maine, US",16785
"Pitkin, Colorado, US",17767
"Pitt, North Carolina, US",180742
"Pittsburg, Oklahoma, US",43654
"Pittsylvania, Virginia, US",60354
"Piute, Utah, US",1479
"Placer, California, US",398329
"Plaquemines, Louisiana, US",23197
"Platte, Missouri, US",104418
"Platte, Nebraska, US",33470
"Platte, Wyoming, US",8393
"Pleasants, West Virginia, US",7460
"Plumas, California, US",18807
"Plymouth, Iowa, US",25177
"Plymouth, Massachusetts, US",521202
"Pocahontas, Iowa, US",6619
"Pocahontas, West Virginia, US",8247
"Poinsett, Arkansas, US",23528
"Pointe Coupee, Louisiana, US",21730
"Polk, Arkansas, US",19964
"Polk, Florida, US",724777
"Polk, Georgia, US",42613
"Polk, Iowa, US",490161
"Polk, Minnesota, US",31364
"Polk, Missouri, US",32149
"Polk, Nebraska, US",5213
"Polk, North Carolina, US",20724
"Polk, Oregon, US",86085
"Polk, Tennessee, US",16832
"Polk, Texas, US",51353
"Polk, Wisconsin, US",43783
"Pondera, Montana, US",5911
"Pontotoc, Mississippi, US",32174
"Pontotoc, Oklahoma, US",38284
"Pope, Arkansas, US",64072
"Pope, Illinois, US",4177
"Pope, Minnesota, US",11249
"Poquoson, Virginia, US",12271
"Portage, Ohio, US",162466
"Portage, Wisconsin, US",70772
"Porter, Indiana, US",170389
"Portsmouth City, Virginia, US",94398
"Posey, Indiana, US",25427
"Pottawatomie, Kansas, US",24383
"Pottawatomie, Oklahoma, US",72592
"Pottawattamie, Iowa, US",93206
"Potter, Pennsylvania, US",16526
"Potter, South Dakota, US",2153
"Potter, Texas, US",117415
"Powder River, Montana, US",1682
"Powell, Kentucky, US",12359
"Powell, Montana, US",6890
"Power, Idaho, US",7681
"Poweshiek, Iowa, US",18504
"Powhatan, Virginia, US",29652
"Prairie, Arkansas, US",8062
"Prairie, Montana, US",1077
"Pratt, Kansas, US",9164
"Preble, Ohio, US",40882
"Prentiss, Mississippi, US",25126
"Presidio, Texas, US",6704
"Presque Isle, Michigan, US",12592
"Preston, West Virginia, US",33432
"Price, Wisconsin, US",13351
"Prince Edward, Virginia, US",22802
"Prince George, Virginia, US",38353
"Prince George's, Maryland, US",909327
"Prince of Wales-Hyder Census Area, Alaska, US",6203
"Prince William, Virginia, US",470335
"Providence, Rhode Island, US",638931
"Prowers, Colorado, US",12172
"Pueblo, Colorado, US",168424
"Pulaski, Arkansas, US",391911
"Pulaski, Georgia, US",11137
"Pulaski, Illinois, US",5335
"Pulaski, Indiana, US",12353
"Pulaski, Kentucky, US",64979
"Pulaski, Missouri, US",52607
"Pulaski, Virginia, US",34027
"Pushmataha, Oklahoma, US",11096
"Putnam, Florida, US",74521
"Putnam, Georgia, US",22119
"Putnam, Illinois, US",5739
"Putnam, Indiana, US",37576
"Putnam, Missouri, US",4696
"Putnam, New York, US",98320
"Putnam, Ohio, US",33861
"Putnam, Tennessee, US",80245
"Putnam, West Virginia, US",56450
"Quay, New Mexico, US",8253
"Queen Anne's, Maryland, US",50381
"Queens, New York, US",2253858
"Quitman, Georgia, US",2299
"Quitman, Mississippi, US",6792
"Rabun, Georgia, US",17137
"Racine, Wisconsin, US",196311
"Radford, Virginia, US",18249
"Rains, Texas, US",12514
"Raleigh, West Virginia, US",73361
"Ralls, Missouri, US",10309
"Ramsey, Minnesota, US",550321
"Ramsey, North Dakota, US",11519
"Randall, Texas, US",137713
"Randolph, Alabama, US",22722
"Randolph, Arkansas, US",17958
"Randolph, Georgia, US",6778
"Randolph, Illinois, US",31782
"Randolph, Indiana, US",24665
"Randolph, Missouri, US",24748
"Randolph, North Carolina, US",143667
"Randolph, West Virginia, US",28695
"Rankin, Mississippi, US",155271
"Ransom, North Dakota, US",5218
"Rapides, Louisiana, US",129648
"Rappahannock, Virginia, US",7370
"Ravalli, Montana, US",43806
"Rawlins, Kansas, US",2530
"Ray, Missouri, US",23018
"Reagan, Texas, US",3849
"Real, Texas, US",3452
"Red Lake, Minnesota, US",4055
"Red River, Texas, US",12023
"Red River, Louisiana, US",8442
"Red Willow, Nebraska, US",10724
"Redwood, Minnesota, US",15170
"Reeves, Texas, US",15976
"Refugio, Texas, US",6948
"Reno, Kansas, US",61998
"Rensselaer, New York, US",158714
"Renville, Minnesota, US",14548
"Renville, North Dakota, US",2327
"Republic, Kansas, US",4636
"Reynolds, Missouri, US",6270
"Rhea, Tennessee, US",33167
"Rice, Kansas, US",9537
"Rice, Minnesota, US",66972
"Rich, Utah, US",2483
"Richardson, Nebraska, US",7865
"Richland, Illinois, US",15513
"Richland, Montana, US",10803
"Richland, North Dakota, US",16177
"Richland, Ohio, US",121154
"Richland, South Carolina, US",415759
"Richland, Wisconsin, US",17252
"Richland, Louisiana, US",20122
"Richmond City, Virginia, US",230436
"Richmond, Georgia, US",202518
"Richmond, New York, US",476143
"Richmond, North Carolina, US",44829
"Richmond, Virginia, US",9023
"Riley, Kansas, US",74232
"Ringgold, Iowa, US",4894
"Rio Arriba, New Mexico, US",38921
"Rio Blanco, Colorado, US",6324
"Rio Grande, Colorado, US",11267
"Ripley, Indiana, US",28324
"Ripley, Missouri, US",13288
"Ritchie, West Virginia, US",9554
"Riverside, California, US",2470546
"Roane, Tennessee, US",53382
"Roane, West Virginia, US",13688
"Roanoke City, Virginia, US",99143
"Roanoke, Virginia, US",94186
"Roberts, South Dakota, US",10394
"Roberts, Texas, US",854
"Robertson, Kentucky, US",2108
"Robertson, Tennessee, US",71813
"Robertson, Texas, US",17074
"Robeson, North Carolina, US",130625
"Rock, Minnesota, US",9315
"Rock, Nebraska, US",1357
"Rock, Wisconsin, US",163354
"Rock Island, Illinois, US",141879
"Rockbridge, Virginia, US",22573
"Rockcastle, Kentucky, US",16695
"Rockdale, Georgia, US",90896
"Rockingham, New Hampshire, US",309769
"Rockingham, North Carolina, US",91010
"Rockingham, Virginia, US",81948
"Rockland, New York, US",325789
"Rockwall, Texas, US",104915
"Roger Mills, Oklahoma, US",3583
"Rogers, Oklahoma, US",92459
"Rolette, North Dakota, US",14176
"Rooks, Kansas, US",4920
"Roosevelt, Montana, US",11004
"Roosevelt, New Mexico, US",18500
"Roscommon, Michigan, US",24019
"Roseau, Minnesota, US",15165
"Rosebud, Montana, US",8937
"Ross, Ohio, US",76666
"Routt, Colorado, US",25638
"Rowan, Kentucky, US",24460
"Rowan, North Carolina, US",142088
"Runnels, Texas, US",10264
"Rush, Indiana, US",16581
"Rush, Kansas, US",3036
"Rusk, Texas, US",54406
"Rusk, Wisconsin, US",14178
"Russell, Alabama, US",57961
"Russell, Kansas, US",6856
"Russell, Kentucky, US",17923
"Russell, Virginia, US",26586
"Rutherford, North Carolina, US",67029
"Rutherford, Tennessee, US",332285
"Rutland, Vermont, US",58191
"Sabine, Texas, US",10542
"Sabine, Louisiana, US",23884
"Sac, Iowa, US",9721
"Sacramento, California, US",1552058
"Sagadahoc, Maine, US",35856
"Saginaw, Michigan, US",190539
"Saguache, Colorado, US",6824
"Salem City, Virginia, US",25301
"Salem, New Jersey, US",62385
"Saline, Arkansas, US",122437
"Saline, Illinois, US",23491
"Saline, Kansas, US",54224
"Saline, Missouri, US",22761
"Saline, Nebraska, US",14224
"Salt Lake, Utah, US",1160437
"Saluda, South Carolina, US",20473
"Sampson, North Carolina, US",63531
"San Augustine, Texas, US",8237
"San Benito, California, US",62808
"San Bernardino, California, US",2180085
"San Diego, California, US",3338330
"San Francisco, California, US",881549
"San Jacinto, Texas, US",28859
"San Joaquin, California, US",762148
"San Juan, Colorado, US",728
"San Juan, New Mexico, US",123958
"San Juan, Utah, US",15308
"San Juan, Washington, US",17582
"San Luis Obispo, California, US",283111
"San Mateo, California, US",766573
"San Miguel, Colorado, US",8179
"San Miguel, New Mexico, US",27277
"San Patricio, Texas, US",66730
"San Saba, Texas, US",6055
"Sanborn, South Dakota, US",2344
"Sanders, Montana, US",12113
"Sandoval, New Mexico, US",146748
"Sandusky, Ohio, US",58518
"Sangamon, Illinois, US",194672
"Sanilac, Michigan, US",41170
"Sanpete, Utah, US",30939
"Santa Barbara, California, US",446499
"Santa Clara, California, US",1927852
"Santa Cruz, Arizona, US",46498
"Santa Cruz, California, US",273213
"Santa Fe, New Mexico, US",150358
"Santa Rosa, Florida, US",184313
"Sarasota, Florida, US",433742
"Saratoga, New York, US",229863
"Sargent, North Dakota, US",3898
"Sarpy, Nebraska, US",187196
"Sauk, Wisconsin, US",64442
"Saunders, Nebraska, US",21578
"Sawyer, Wisconsin, US",16558
"Schenectady, New York, US",155299
"Schleicher, Texas, US",2793
"Schley, Georgia, US",5257
"Schoharie, New York, US",30999
"Schoolcraft, Michigan, US",8094
"Schuyler, Illinois, US",6768
"Schuyler, Missouri, US",4660
"Schuyler, New York, US",17807
"Schuylkill, Pennsylvania, US",141359
"Scioto, Ohio, US",75314
"Scotland, Missouri, US",4902
"Scotland, North Carolina, US",34823
"Scott, Arkansas, US",10281
"Scott, Illinois, US",4951
"Scott, Indiana, US",23873
"Scott, Iowa, US",172943
"Scott, Kansas, US",4823
"Scott, Kentucky, US",57004
"Scott, Minnesota, US",149013
"Scott, Mississippi, US",28124
"Scott, Missouri, US",38280
"Scott, Tennessee, US",22068
"Scott, Virginia, US",21566
"Scotts Bluff, Nebraska, US",35618
"Screven, Georgia, US",13966
"Scurry, Texas, US",16703
"Searcy, Arkansas, US",7881
"Sebastian, Arkansas, US",127827
"Sedgwick, Colorado, US",2248
"Sedgwick, Kansas, US",516042
"Seminole, Florida, US",471826
"Seminole, Georgia, US",8090
"Seminole, Oklahoma, US",24258
"Seneca, New York, US",34016
"Seneca, Ohio, US",55178
"Sequatchie, Tennessee, US",15026
"Sequoyah, Oklahoma, US",41569
"Sevier, Arkansas, US",17007
"Sevier, Tennessee, US",98250
"Sevier, Utah, US",21620
"Seward, Kansas, US",21428
"Seward, Nebraska, US",17284
"Shackelford, Texas, US",3265
"Shannon, Missouri, US",8166
"Sharkey, Mississippi, US",4321
"Sharp, Arkansas, US",17442
"Shasta, California, US",180080
"Shawano, Wisconsin, US",40899
"Shawnee, Kansas, US",176875
"Sheboygan, Wisconsin, US",115340
"Shelby, Alabama, US",217702
"Shelby, Illinois, US",21634
"Shelby, Indiana, US",44729
"Shelby, Iowa, US",11454
"Shelby, Kentucky, US",49024
"Shelby, Missouri, US",5930
"Shelby, Ohio, US",48590
"Shelby, Tennessee, US",937166
"Shelby, Texas, US",25274
"Shenandoah, Virginia, US",43616
"Sherburne, Minnesota, US",97238
"Sheridan, Kansas, US",2521
"Sheridan, Montana, US",3309
"Sheridan, Nebraska, US",5246
"Sheridan, North Dakota, US",1315
"Sheridan, Wyoming, US",30485
"Sherman, Kansas, US",5917
"Sherman, Nebraska, US",3001
"Sherman, Oregon, US",1780
"Sherman, Texas, US",3022
"Shiawassee, Michigan, US",68122
"Shoshone, Idaho, US",12882
"Sibley, Minnesota, US",14865
"Sierra, California, US",3005
"Sierra, New Mexico, US",10791
"Silver Bow, Montana, US",34915
"Simpson, Kentucky, US",18572
"Simpson, Mississippi, US",26658
"Sioux, Iowa, US",34855
"Sioux, Nebraska, US",1166
"Sioux, North Dakota, US",4230
"Siskiyou, California, US",43539
"Sitka City and Borough, Alaska, US",8493
"Skagit, Washington, US",129205
"Skagway Municipality, Alaska, US",1183
"Skamania, Washington, US",12083
"Slope, North Dakota, US",750
"Smith, Kansas, US",3583
"Smith, Mississippi, US",15916
"Smith, Tennessee, US",20157
"Smith, Texas, US",232751
"Smyth, Virginia, US",30104
"Snohomish, Washington, US",822083
"Snyder, Pennsylvania, US",40372
"Socorro, New Mexico, US",16637
"Solano, California, US",447643
"Somerset, Maine, US",50484
"Somerset, Maryland, US",25616
"Somerset, New Jersey, US",328934
"Somerset, Pennsylvania, US",73447
"Somervell, Texas, US",9128
"Sonoma, California, US",494336
"Southampton, Virginia, US",17631
"Southeast Fairbanks Census Area, Alaska, US",6893
"Spalding, Georgia, US",66703
"Spartanburg, South Carolina, US",319785
"Spencer, Indiana, US",20277
"Spencer, Kentucky, US",19351
"Spink, South Dakota, US",6376
"Spokane, Washington, US",522798
"Spotsylvania, Virginia, US",136215
"St. Bernard, Louisiana, US",47244
"St. Charles, Missouri, US",402022
"St. Charles, Louisiana, US",53100
"St. Clair, Alabama, US",89512
"St. Clair, Illinois, US",259686
"St. Clair, Michigan, US",159128
"St. Clair, Missouri, US",9397
"St. Croix, Wisconsin, US",90687
"St. Francis, Arkansas, US",24994
"St. Francois, Missouri, US",67215
"St. Helena, Louisiana, US",10132
"St. James, Louisiana, US",21096
"St. John the Baptist, Louisiana, US",42837
"St. Johns, Florida, US",264672
"St. Joseph, Indiana, US",271826
"St. Joseph, Michigan, US",60964
"St. Landry, Louisiana, US",82124
"St. Lawrence, New York, US",107740
"St. Louis City, Missouri, US",300576
"St. Louis, Minnesota, US",199070
"St. Louis, Missouri, US",994205
"St. Lucie, Florida, US",328297
"St. Martin, Louisiana, US",53431
"St. Mary, Louisiana, US",49348
"St. Mary's, Maryland, US",113510
"St. Tammany, Louisiana, US",260419
"Stafford, Kansas, US",4156
"Stafford, Virginia, US",152882
"Stanislaus, California, US",550660
"Stanley, South Dakota, US",3098
"Stanly, North Carolina, US",62806
"Stanton, Kansas, US",2006
"Stanton, Nebraska, US",5920
"Stark, Illinois, US",5342
"Stark, North Dakota, US",31489
"Stark, Ohio, US",370606
"Starke, Indiana, US",22995
"Starr, Texas, US",64633
"Staunton City, Virginia, US",24932
"Ste. Genevieve, Missouri, US",17894
"Stearns, Minnesota, US",161075
"Steele, Minnesota, US",36649
"Steele, North Dakota, US",1890
"Stephens, Georgia, US",25925
"Stephens, Oklahoma, US",43143
"Stephens, Texas, US",9366
"Stephenson, Illinois, US",44498
"Sterling, Texas, US",1291
"Steuben, Indiana, US",34594
"Steuben, New York, US",95379
"Stevens, Kansas, US",5485
"Stevens, Minnesota, US",9805
"Stevens, Washington, US",45723
"Stewart, Georgia, US",6621
"Stewart, Tennessee, US",13715
"Stillwater, Montana, US",9642
"Stoddard, Missouri, US",29025
"Stokes, North Carolina, US",45591
"Stone, Arkansas, US",12506
"Stone, Mississippi, US",18336
"Stone, Missouri, US",31952
"Stonewall, Texas, US",1350
"Storey, Nevada, US",4123
"Story, Iowa, US",97117
"Strafford, New Hampshire, US",130633
"Stutsman, North Dakota, US",20704
"Sublette, Wyoming, US",9831
"Suffolk, Virginia, US",92108
"Suffolk, Massachusetts, US",803907
"Suffolk, New York, US",1476601
"Sullivan, Indiana, US",20669
"Sullivan, Missouri, US",6089
"Sullivan, New Hampshire, US",43146
"Sullivan, New York, US",75432
"Sullivan, Pennsylvania, US",6066
"Sullivan, Tennessee, US",158348
"Sully, South Dakota, US",1391
"Summers, West Virginia, US",12573
"Summit, Colorado, US",31011
"Summit, Ohio, US",541013
"Summit, Utah, US",42145
"Sumner, Kansas, US",22836
"Sumner, Tennessee, US",191283
"Sumter, Alabama, US",12427
"Sumter, Florida, US",132420
"Sumter, Georgia, US",29524
"Sumter, South Carolina, US",106721
"Sunflower, Mississippi, US",25110
"Surry, North Carolina, US",71783
"Surry, Virginia, US",6422
"Susquehanna, Pennsylvania, US",40328
"Sussex, Delaware, US",234225
"Sussex, New Jersey, US",140488
"Sussex, Virginia, US",11159
"Sutter, California, US",96971
"Sutton, Texas, US",3776
"Suwannee, Florida, US",44417
"Swain, North Carolina, US",14271
"Sweet Grass, Montana, US",3737
"Sweetwater, Wyoming, US",42343
"Swift, Minnesota, US",9266
"Swisher, Texas, US",7397
"Switzerland, Indiana, US",10751
"Talbot, Georgia, US",6195
"Talbot, Maryland, US",37181
"Taliaferro, Georgia, US",1537
"Talladega, Alabama, US",79978
"Tallahatchie, Mississippi, US",13809
"Tallapoosa, Alabama, US",40367
"Tama, Iowa, US",16854
"Taney, Missouri, US",55928
"Tangipahoa, Louisiana, US",134758
"Taos, New Mexico, US",32723
"Tarrant, Texas, US",2102515
"Tate, Mississippi, US",28321
"Tattnall, Georgia, US",25286
"Taylor, Florida, US",21569
"Taylor, Georgia, US",8020
"Taylor, Iowa, US",6121
"Taylor, Kentucky, US",25769
"Taylor, Texas, US",138034
"Taylor, West Virginia, US",16695
"Taylor, Wisconsin, US",20343
"Tazewell, Illinois, US",131803
"Tazewell, Virginia, US",40595
"Tehama, California, US",65084
"Telfair, Georgia, US",15860
"Teller, Colorado, US",25388
"Tensas, Louisiana, US",4334
"Terrebonne, Louisiana, US",110461
"Terrell, Georgia, US",8531
"Terrell, Texas, US",776
"Terry, Texas, US",12337
"Teton, Idaho, US",12142
"Teton, Montana, US",6147
"Teton, Wyoming, US",23464
"Texas, Missouri, US",25398
"Texas, Oklahoma, US",19983
"Thayer, Nebraska, US",5003
"Thomas, Georgia, US",44451
"Thomas, Kansas, US",7777
"Thomas, Nebraska, US",722
"Throckmorton, Texas, US",1501
"Thurston, Nebraska, US",7224
"Thurston, Washington, US",290536
"Tift, Georgia, US",40644
"Tillamook, Oregon, US",27036
"Tillman, Oklahoma, US",7250
"Tioga, New York, US",48203
"Tioga, Pennsylvania, US",40591
"Tippah, Mississippi, US",22015
"Tippecanoe, Indiana, US",195732
"Tipton, Indiana, US",15148
"Tipton, Tennessee, US",61599
"Tishomingo, Mississippi, US",19383
"Titus, Texas, US",32750
"Todd, Kentucky, US",12294
"Todd, Minnesota, US",24664
"Todd, South Dakota, US",10177
"Tolland, Connecticut, US",150721
"Tom Green, Texas, US",119200
"Tompkins, New York, US",102180
"Tooele, Utah, US",72259
"Toole, Montana, US",4736
"Toombs, Georgia, US",26830
"Torrance, New Mexico, US",15461
"Towner, North Dakota, US",2189
"Towns, Georgia, US",12037
"Traill, North Dakota, US",8036
"Transylvania, North Carolina, US",34385
"Traverse, Minnesota, US",3259
"Travis, Texas, US",1273954
"Treasure, Montana, US",696
"Trego, Kansas, US",2803
"Trempealeau, Wisconsin, US",29649
"Treutlen, Georgia, US",6901
"Trigg, Kentucky, US",14651
"Trimble, Kentucky, US",8471
"Trinity, California, US",12285
"Trinity, Texas, US",14651
"Tripp, South Dakota, US",5441
"Troup, Georgia, US",69922
"Trousdale, Tennessee, US",11284
"Trumbull, Ohio, US",197974
"Tucker, West Virginia, US",6839
"Tulare, California, US",466195
"Tulsa, Oklahoma, US",651552
"Tunica, Mississippi, US",9632
"Tuolumne, California, US",54478
"Turner, Georgia, US",7985
"Turner, South Dakota, US",8384
"Tuscaloosa, Alabama, US",209355
"Tuscarawas, Ohio, US",91987
"Tuscola, Michigan, US",52245
"Twiggs, Georgia, US",8120
"Twin Falls, Idaho, US",86878
"Tyler, Texas, US",21672
"Tyler, West Virginia, US",8591
"Tyrrell, North Carolina, US",4016
"Uinta, Wyoming, US",20226
"Uintah, Utah, US",35734
"Ulster, New York, US",177573
"Umatilla, Oregon, US",77950
"Unicoi, Tennessee, US",17883
"Union, Arkansas, US",38682
"Union, Florida, US",15237
"Union, Georgia, US",24511
"Union, Illinois, US",16653
"Union, Indiana, US",7054
"Union, Iowa, US",12241
"Union, Kentucky, US",14381
"Union, Mississippi, US",28815
"Union, New Jersey, US",556341
"Union, New Mexico, US",4059
"Union, North Carolina, US",239859
"Union, Ohio, US",58988
"Union, Oregon, US",26835
"Union, Pennsylvania, US",44923
"Union, South Carolina, US",27316
"Union, South Dakota, US",15932
"Union, Tennessee, US",19972
"Union, Louisiana, US",22108
"Upshur, Texas, US",41753
"Upshur, West Virginia, US",24176
"Upson, Georgia, US",26320
"Upton, Texas, US",3657
"Utah, Utah, US",636235
"Uvalde, Texas, US",26741
"Val Verde, Texas, US",49025
"Valdez-Cordova Census Area, Alaska, US",9202
"Valencia, New Mexico, US",76688
"Valley, Idaho, US",11392
"Valley, Montana, US",7396
"Valley, Nebraska, US",4158
"Van Buren, Arkansas, US",16545
"Van Buren, Iowa, US",7044
"Van Buren, Michigan, US",75677
"Van Buren, Tennessee, US",5872
"Van Wert, Ohio, US",28275
"Van Zandt, Texas, US",56590
"Vance, North Carolina, US",44535
"Vanderburgh, Indiana, US",181451
"Venango, Pennsylvania, US",50668
"Ventura, California, US",846006
"Vermilion, Illinois, US",75758
"Vermilion, Louisiana, US",59511
"Vermillion, Indiana, US",15498
"Vernon, Missouri, US",20563
"Vernon, Wisconsin, US",30822
"Vernon, Louisiana, US",47429
"Victoria, Texas, US",92084
"Vigo, Indiana, US",107038
"Vilas, Wisconsin, US",22195
"Vinton, Ohio, US",13085
"Virginia Beach City, Virginia, US",449974
"Volusia, Florida, US",553284
"Wabash, Illinois, US",11520
"Wabash, Indiana, US",30996
"Wabasha, Minnesota, US",21627
"Wabaunsee, Kansas, US",6931
"Wadena, Minnesota, US",13682
"Wagoner, Oklahoma, US",81289
"Wahkiakum, Washington, US",4488
"Wake, North Carolina, US",1111761
"Wakulla, Florida, US",33739
"Waldo, Maine, US",39715
"Walker, Alabama, US",63521
"Walker, Georgia, US",69761
"Walker, Texas, US",72971
"Walla Walla, Washington, US",60760
"Wallace, Kansas, US",1518
"Waller, Texas, US",55246
"Wallowa, Oregon, US",7208
"Walsh, North Dakota, US",10641
"Walthall, Mississippi, US",14286
"Walton, Florida, US",74071
"Walton, Georgia, US",94593
"Walworth, South Dakota, US",5435
"Walworth, Wisconsin, US",103868
"Wapello, Iowa, US",34969
"Ward, North Dakota, US",67641
"Ward, Texas, US",11998
"Ware, Georgia, US",35734
"Warren, Georgia, US",5254
"Warren, Illinois, US",16844
"Warren, Indiana, US",8265
"Warren, Iowa, US",51466
"Warren, Kentucky, US",132896
"Warren, Mississippi, US",45381
"Warren, Missouri, US",35649
"Warren, New Jersey, US",105267
"Warren, New York, US",63944
"Warren, North Carolina, US",19731
"Warren, Ohio, US",234602
"Warren, Pennsylvania, US",39191
"Warren, Tennessee, US",41277
"Warren, Virginia, US",40164
"Warrick, Indiana, US",62998
"Wasatch, Utah, US",34091
"Wasco, Oregon, US",26682
"Waseca, Minnesota, US",18612
"Washakie, Wyoming, US",7805
"Washburn, Wisconsin, US",15720
"Washington, Alabama, US",16326
"Washington, Arkansas, US",239187
"Washington, Colorado, US",4908
"Washington, Florida, US",25473
"Washington, Georgia, US",20374
"Washington, Idaho, US",10194
"Washington, Illinois, US",13887
"Washington, Indiana, US",28036
"Washington, Iowa, US",21965
"Washington, Kansas, US",5406
"Washington, Kentucky, US",12095
"Washington, Maine, US",31379
"Washington, Maryland, US",151049
"Washington, Minnesota, US",262440
"Washington, Mississippi, US",43909
"Washington, Missouri, US",24730
"Washington, Nebraska, US",20729
"Washington, New York, US",61204
"Washington, North Carolina, US",11580
"Washington, Ohio, US",59911
"Washington, Oklahoma, US",51527
"Washington, Oregon, US",601592
"Washington, Pennsylvania, US",206865
"Washington, Rhode Island, US",125577
"Washington, Tennessee, US",129375
"Washington, Texas, US",35882
"Washington, Utah, US",177556
"Washington, Vermont, US",58409
"Washington, Virginia, US",53740
"Washington, Wisconsin, US",136034
"Washington, Louisiana, US",46194
"Washita, Oklahoma, US",10916
"Washoe, Nevada, US",471519
"Washtenaw, Michigan, US",367601
"Watauga, North Carolina, US",56177
"Watonwan, Minnesota, US",10897
"Waukesha, Wisconsin, US",404198
"Waupaca, Wisconsin, US",50990
"Waushara, Wisconsin, US",24443
"Wayne, Georgia, US",29927
"Wayne, Illinois, US",16215
"Wayne, Indiana, US",65884
"Wayne, Iowa, US",6441
"Wayne, Kentucky, US",20333
"Wayne, Michigan, US",1749343
"Wayne, Mississippi, US",20183
"Wayne, Missouri, US",12873
"Wayne, Nebraska, US",9385
"Wayne, New York, US",89918
"Wayne, North Carolina, US",123131
"Wayne, Ohio, US",115710
"Wayne, Pennsylvania, US",51361
"Wayne, Tennessee, US",16673
"Wayne, Utah, US",2711
"Wayne, West Virginia, US",39402
"Waynesboro, Virginia, US",22630
"Weakley, Tennessee, US",33328
"Webb, Texas, US",276652
"Weber, Utah, US",260213
"Webster, Georgia, US",2607
"Webster, Iowa, US",35904
"Webster, Kentucky, US",12942
"Webster, Mississippi, US",9689
"Webster, Missouri, US",39592
"Webster, Nebraska, US",3487
"Webster, West Virginia, US",8114
"Webster, Louisiana, US",38340
"Weld, Colorado, US",324492
"Wells, Indiana, US",28296
"Wells, North Dakota, US",3834
"West Baton Rouge, Louisiana, US",26465
"West Carroll, Louisiana, US",10830
"West Feliciana, Louisiana, US",15568
"Westchester, New York, US",967506
"Westmoreland, Pennsylvania, US",348899
"Westmoreland, Virginia, US",18015
"Weston, Wyoming, US",6927
"Wetzel, West Virginia, US",15065
"Wexford, Michigan, US",33631
"Wharton, Texas, US",41556
"Whatcom, Washington, US",229247
"Wheatland, Montana, US",2126
"Wheeler, Georgia, US",7855
"Wheeler, Nebraska, US",783
"Wheeler, Oregon, US",1332
"Wheeler, Texas, US",5056
"White, Arkansas, US",78753
"White, Georgia, US",30798
"White, Illinois, US",13537
"White, Indiana, US",24102
"White, Tennessee, US",27345
"White Pine, Nevada, US",9580
"Whiteside, Illinois, US",55175
"Whitfield, Georgia, US",104628
"Whitley, Indiana, US",33964
"Whitley, Kentucky, US",36264
"Whitman, Washington, US",50104
"Wibaux, Montana, US",969
"Wichita, Kansas, US",2119
"Wichita, Texas, US",132230
"Wicomico, Maryland, US",103609
"Wilbarger, Texas, US",12769
"Wilcox, Alabama, US",10373
"Wilcox, Georgia, US",8635
"Wilkes, Georgia, US",9777
"Wilkes, North Carolina, US",68412
"Wilkin, Minnesota, US",6207
"Wilkinson, Georgia, US",8954
"Wilkinson, Mississippi, US",8630
"Will, Illinois, US",690743
"Willacy, Texas, US",21358
"Williams, North Dakota, US",37589
"Williams, Ohio, US",36692
"Williamsburg City, Virginia, US",14954
"Williamsburg, South Carolina, US",30368
"Williamson, Illinois, US",66597
"Williamson, Tennessee, US",238412
"Williamson, Texas, US",590551
"Wilson, Kansas, US",8525
"Wilson, North Carolina, US",81801
"Wilson, Tennessee, US",144657
"Wilson, Texas, US",51070
"Winchester, Virginia, US",28078
"Windham, Connecticut, US",116782
"Windham, Vermont, US",42222
"Windsor, Vermont, US",55062
"Winkler, Texas, US",8010
"Winn, Louisiana, US",13904
"Winnebago, Illinois, US",282572
"Winnebago, Iowa, US",10354
"Winnebago, Wisconsin, US",171907
"Winneshiek, Iowa, US",19991
"Winona, Minnesota, US",50484
"Winston, Alabama, US",23629
"Winston, Mississippi, US",17955
"Wirt, West Virginia, US",5821
"Wise, Texas, US",69984
"Wise, Virginia, US",37383
"Wolfe, Kentucky, US",7157
"Wood, Ohio, US",130817
"Wood, Texas, US",45539
"Wood, West Virginia, US",83518
"Wood, Wisconsin, US",72999
"Woodbury, Iowa, US",103107
"Woodford, Illinois, US",38459
"Woodford, Kentucky, US",26734
"Woodruff, Arkansas, US",6320
"Woods, Oklahoma, US",8793
"Woodson, Kansas, US",3138
"Woodward, Oklahoma, US",20211
"Worcester, Maryland, US",52276
"Worcester, Massachusetts, US",830622
"Worth, Georgia, US",20247
"Worth, Iowa, US",7381
"Worth, Missouri, US",2013
"Wrangell City and Borough, Alaska, US",2502
"Wright, Iowa, US",12562
"Wright, Minnesota, US",138377
"Wright, Missouri, US",18289
"Wyandot, Ohio, US",21772
"Wyandotte, Kansas, US",165429
"Wyoming, New York, US",39859
"Wyoming, Pennsylvania, US",26794
"Wyoming, West Virginia, US",20394
"Wythe, Virginia, US",28684
"Yadkin, North Carolina, US",37667
"Yakima, Washington, US",250873
"Yakutat City and Borough, Alaska, US",579
"Yalobusha, Mississippi, US",12108
"Yamhill, Oregon, US",107100
"Yancey, North Carolina, US",18069
"Yankton, South Dakota, US",22814
"Yates, New York, US",24913
"Yavapai, Arizona, US",235099
"Yazoo, Mississippi, US",29690
"Yell, Arkansas, US",21341
"Yellow Medicine, Minnesota, US",9709
"Yellowstone, Montana, US",161300
"Yoakum, Texas, US",8713
"Yolo, California, US",220500
"York, Maine, US",207641
"York, Nebraska, US",13679
"York, Pennsylvania, US",449058
"York, South Carolina, US",280979
"York, Virginia, US",68280
"Young, Texas, US",18010
"Yuba, California, US",78668
"Yukon-Koyukuk Census Area, Alaska, US",5230
"Yuma, Arizona, US",213787
"Yuma, Colorado, US",10019
"Zapata, Texas, US",14179
"Zavala, Texas, US",11840
"Ziebach, South Dakota, US",2756
"Bottineau, North Dakota, US",6282
